date_key,date,date_id,day_name,day_name_abbrev,day_of_month,day_of_week,day_of_year,holiday_name,is_holiday,is_weekday,is_weekend,month_abbrev,month_end_flag,month_name,month_number,quarter,quarter_name,quarter_short_name,season,week_begin_date,week_begin_date_id,week_num_in_month,week_num_in_year,year,year_and_month,year_and_month_abbrev,year_and_quarter
0,2020-01-01,20200101,Wednesday,Wed,1,4,1,New Year's Day,True,True,False,Jan,False,January,1,1,First,Q1,Winter,2019-12-28,20191228,1,1,2020,2020/01,2020/Jan,2020/Q1
1,2020-01-02,20200102,Thursday,Thu,2,5,2,NoHoliday,False,True,False,Jan,False,January,1,1,First,Q1,Winter,2019-12-28,20191228,1,1,2020,2020/01,2020/Jan,2020/Q1
2,2020-01-03,20200103,Friday,Fri,3,6,3,NoHoliday,False,True,False,Jan,False,January,1,1,First,Q1,Winter,2019-12-28,20191228,1,1,2020,2020/01,2020/Jan,2020/Q1
3,2020-01-04,20200104,Saturday,Sat,4,7,4,NoHoliday,False,False,True,Jan,False,January,1,1,First,Q1,Winter,2019-12-28,20191228,1,1,2020,2020/01,2020/Jan,2020/Q1
4,2020-01-05,20200105,Sunday,Sun,5,1,5,NoHoliday,False,False,True,Jan,False,January,1,1,First,Q1,Winter,2020-01-05,20200105,2,1,2020,2020/01,2020/Jan,2020/Q1
5,2020-01-06,20200106,Monday,Mon,6,2,6,NoHoliday,False,True,False,Jan,False,January,1,1,First,Q1,Winter,2020-01-04,20200104,2,1,2020,2020/01,2020/Jan,2020/Q1
6,2020-01-07,20200107,Tuesday,Tue,7,3,7,NoHoliday,False,True,False,Jan,False,January,1,1,First,Q1,Winter,2020-01-04,20200104,2,1,2020,2020/01,2020/Jan,2020/Q1
7,2020-01-08,20200108,Wednesday,Wed,8,4,8,NoHoliday,False,True,False,Jan,False,January,1,1,First,Q1,Winter,2020-01-04,20200104,2,1,2020,2020/01,2020/Jan,2020/Q1
8,2020-01-09,20200109,Thursday,Thu,9,5,9,NoHoliday,False,True,False,Jan,False,January,1,1,First,Q1,Winter,2020-01-04,20200104,2,1,2020,2020/01,2020/Jan,2020/Q1
9,2020-01-10,20200110,Friday,Fri,10,6,10,NoHoliday,False,True,False,Jan,False,January,1,1,First,Q1,Winter,2020-01-04,20200104,2,1,2020,2020/01,2020/Jan,2020/Q1
10,2020-01-11,20200111,Saturday,Sat,11,7,11,NoHoliday,False,False,True,Jan,False,January,1,1,First,Q1,Winter,2020-01-04,20200104,2,1,2020,2020/01,2020/Jan,2020/Q1
11,2020-01-12,20200112,Sunday,Sun,12,1,12,NoHoliday,False,False,True,Jan,False,January,1,1,First,Q1,Winter,2020-01-12,20200112,3,2,2020,2020/01,2020/Jan,2020/Q1
12,2020-01-13,20200113,Monday,Mon,13,2,13,NoHoliday,False,True,False,Jan,False,January,1,1,First,Q1,Winter,2020-01-11,20200111,3,2,2020,2020/01,2020/Jan,2020/Q1
13,2020-01-14,20200114,Tuesday,Tue,14,3,14,NoHoliday,False,True,False,Jan,False,January,1,1,First,Q1,Winter,2020-01-11,20200111,3,2,2020,2020/01,2020/Jan,2020/Q1
14,2020-01-15,20200115,Wednesday,Wed,15,4,15,NoHoliday,False,True,False,Jan,False,January,1,1,First,Q1,Winter,2020-01-11,20200111,3,2,2020,2020/01,2020/Jan,2020/Q1
15,2020-01-16,20200116,Thursday,Thu,16,5,16,NoHoliday,False,True,False,Jan,False,January,1,1,First,Q1,Winter,2020-01-11,20200111,3,2,2020,2020/01,2020/Jan,2020/Q1
16,2020-01-17,20200117,Friday,Fri,17,6,17,NoHoliday,False,True,False,Jan,False,January,1,1,First,Q1,Winter,2020-01-11,20200111,3,2,2020,2020/01,2020/Jan,2020/Q1
17,2020-01-18,20200118,Saturday,Sat,18,7,18,NoHoliday,False,False,True,Jan,False,January,1,1,First,Q1,Winter,2020-01-11,20200111,3,2,2020,2020/01,2020/Jan,2020/Q1
18,2020-01-19,20200119,Sunday,Sun,19,1,19,NoHoliday,False,False,True,Jan,False,January,1,1,First,Q1,Winter,2020-01-19,20200119,4,3,2020,2020/01,2020/Jan,2020/Q1
19,2020-01-20,20200120,Monday,Mon,20,2,20,NoHoliday,False,True,False,Jan,False,January,1,1,First,Q1,Winter,2020-01-18,20200118,4,3,2020,2020/01,2020/Jan,2020/Q1
20,2020-01-21,20200121,Tuesday,Tue,21,3,21,NoHoliday,False,True,False,Jan,False,January,1,1,First,Q1,Winter,2020-01-18,20200118,4,3,2020,2020/01,2020/Jan,2020/Q1
21,2020-01-22,20200122,Wednesday,Wed,22,4,22,NoHoliday,False,True,False,Jan,False,January,1,1,First,Q1,Winter,2020-01-18,20200118,4,3,2020,2020/01,2020/Jan,2020/Q1
22,2020-01-23,20200123,Thursday,Thu,23,5,23,NoHoliday,False,True,False,Jan,False,January,1,1,First,Q1,Winter,2020-01-18,20200118,4,3,2020,2020/01,2020/Jan,2020/Q1
23,2020-01-24,20200124,Friday,Fri,24,6,24,NoHoliday,False,True,False,Jan,False,January,1,1,First,Q1,Winter,2020-01-18,20200118,4,3,2020,2020/01,2020/Jan,2020/Q1
24,2020-01-25,20200125,Saturday,Sat,25,7,25,NoHoliday,False,False,True,Jan,False,January,1,1,First,Q1,Winter,2020-01-18,20200118,4,3,2020,2020/01,2020/Jan,2020/Q1
25,2020-01-26,20200126,Sunday,Sun,26,1,26,NoHoliday,False,False,True,Jan,False,January,1,1,First,Q1,Winter,2020-01-26,20200126,5,4,2020,2020/01,2020/Jan,2020/Q1
26,2020-01-27,20200127,Monday,Mon,27,2,27,NoHoliday,False,True,False,Jan,False,January,1,1,First,Q1,Winter,2020-01-25,20200125,5,4,2020,2020/01,2020/Jan,2020/Q1
27,2020-01-28,20200128,Tuesday,Tue,28,3,28,NoHoliday,False,True,False,Jan,False,January,1,1,First,Q1,Winter,2020-01-25,20200125,5,4,2020,2020/01,2020/Jan,2020/Q1
28,2020-01-29,20200129,Wednesday,Wed,29,4,29,NoHoliday,False,True,False,Jan,False,January,1,1,First,Q1,Winter,2020-01-25,20200125,5,4,2020,2020/01,2020/Jan,2020/Q1
29,2020-01-30,20200130,Thursday,Thu,30,5,30,NoHoliday,False,True,False,Jan,False,January,1,1,First,Q1,Winter,2020-01-25,20200125,5,4,2020,2020/01,2020/Jan,2020/Q1
30,2020-01-31,20200131,Friday,Fri,31,6,31,NoHoliday,False,True,False,Jan,True,January,1,1,First,Q1,Winter,2020-01-25,20200125,5,4,2020,2020/01,2020/Jan,2020/Q1
31,2020-02-01,20200201,Saturday,Sat,1,7,32,NoHoliday,False,False,True,Feb,False,February,2,1,First,Q1,Winter,2020-01-25,20200125,1,4,2020,2020/02,2020/Feb,2020/Q1
32,2020-02-02,20200202,Sunday,Sun,2,1,33,NoHoliday,False,False,True,Feb,False,February,2,1,First,Q1,Winter,2020-02-02,20200202,2,5,2020,2020/02,2020/Feb,2020/Q1
33,2020-02-03,20200203,Monday,Mon,3,2,34,NoHoliday,False,True,False,Feb,False,February,2,1,First,Q1,Winter,2020-02-01,20200201,2,5,2020,2020/02,2020/Feb,2020/Q1
34,2020-02-04,20200204,Tuesday,Tue,4,3,35,NoHoliday,False,True,False,Feb,False,February,2,1,First,Q1,Winter,2020-02-01,20200201,2,5,2020,2020/02,2020/Feb,2020/Q1
35,2020-02-05,20200205,Wednesday,Wed,5,4,36,NoHoliday,False,True,False,Feb,False,February,2,1,First,Q1,Winter,2020-02-01,20200201,2,5,2020,2020/02,2020/Feb,2020/Q1
36,2020-02-06,20200206,Thursday,Thu,6,5,37,NoHoliday,False,True,False,Feb,False,February,2,1,First,Q1,Winter,2020-02-01,20200201,2,5,2020,2020/02,2020/Feb,2020/Q1
37,2020-02-07,20200207,Friday,Fri,7,6,38,NoHoliday,False,True,False,Feb,False,February,2,1,First,Q1,Winter,2020-02-01,20200201,2,5,2020,2020/02,2020/Feb,2020/Q1
38,2020-02-08,20200208,Saturday,Sat,8,7,39,NoHoliday,False,False,True,Feb,False,February,2,1,First,Q1,Winter,2020-02-01,20200201,2,5,2020,2020/02,2020/Feb,2020/Q1
39,2020-02-09,20200209,Sunday,Sun,9,1,40,NoHoliday,False,False,True,Feb,False,February,2,1,First,Q1,Winter,2020-02-09,20200209,3,6,2020,2020/02,2020/Feb,2020/Q1
40,2020-02-10,20200210,Monday,Mon,10,2,41,NoHoliday,False,True,False,Feb,False,February,2,1,First,Q1,Winter,2020-02-08,20200208,3,6,2020,2020/02,2020/Feb,2020/Q1
41,2020-02-11,20200211,Tuesday,Tue,11,3,42,NoHoliday,False,True,False,Feb,False,February,2,1,First,Q1,Winter,2020-02-08,20200208,3,6,2020,2020/02,2020/Feb,2020/Q1
42,2020-02-12,20200212,Wednesday,Wed,12,4,43,NoHoliday,False,True,False,Feb,False,February,2,1,First,Q1,Winter,2020-02-08,20200208,3,6,2020,2020/02,2020/Feb,2020/Q1
43,2020-02-13,20200213,Thursday,Thu,13,5,44,NoHoliday,False,True,False,Feb,False,February,2,1,First,Q1,Winter,2020-02-08,20200208,3,6,2020,2020/02,2020/Feb,2020/Q1
44,2020-02-14,20200214,Friday,Fri,14,6,45,NoHoliday,False,True,False,Feb,False,February,2,1,First,Q1,Winter,2020-02-08,20200208,3,6,2020,2020/02,2020/Feb,2020/Q1
45,2020-02-15,20200215,Saturday,Sat,15,7,46,NoHoliday,False,False,True,Feb,False,February,2,1,First,Q1,Winter,2020-02-08,20200208,3,6,2020,2020/02,2020/Feb,2020/Q1
46,2020-02-16,20200216,Sunday,Sun,16,1,47,NoHoliday,False,False,True,Feb,False,February,2,1,First,Q1,Winter,2020-02-16,20200216,4,7,2020,2020/02,2020/Feb,2020/Q1
47,2020-02-17,20200217,Monday,Mon,17,2,48,Family Day,True,True,False,Feb,False,February,2,1,First,Q1,Winter,2020-02-15,20200215,4,7,2020,2020/02,2020/Feb,2020/Q1
48,2020-02-18,20200218,Tuesday,Tue,18,3,49,NoHoliday,False,True,False,Feb,False,February,2,1,First,Q1,Winter,2020-02-15,20200215,4,7,2020,2020/02,2020/Feb,2020/Q1
49,2020-02-19,20200219,Wednesday,Wed,19,4,50,NoHoliday,False,True,False,Feb,False,February,2,1,First,Q1,Winter,2020-02-15,20200215,4,7,2020,2020/02,2020/Feb,2020/Q1
50,2020-02-20,20200220,Thursday,Thu,20,5,51,NoHoliday,False,True,False,Feb,False,February,2,1,First,Q1,Winter,2020-02-15,20200215,4,7,2020,2020/02,2020/Feb,2020/Q1
51,2020-02-21,20200221,Friday,Fri,21,6,52,NoHoliday,False,True,False,Feb,False,February,2,1,First,Q1,Winter,2020-02-15,20200215,4,7,2020,2020/02,2020/Feb,2020/Q1
52,2020-02-22,20200222,Saturday,Sat,22,7,53,NoHoliday,False,False,True,Feb,False,February,2,1,First,Q1,Winter,2020-02-15,20200215,4,7,2020,2020/02,2020/Feb,2020/Q1
53,2020-02-23,20200223,Sunday,Sun,23,1,54,NoHoliday,False,False,True,Feb,False,February,2,1,First,Q1,Winter,2020-02-23,20200223,5,8,2020,2020/02,2020/Feb,2020/Q1
54,2020-02-24,20200224,Monday,Mon,24,2,55,NoHoliday,False,True,False,Feb,False,February,2,1,First,Q1,Winter,2020-02-22,20200222,5,8,2020,2020/02,2020/Feb,2020/Q1
55,2020-02-25,20200225,Tuesday,Tue,25,3,56,NoHoliday,False,True,False,Feb,False,February,2,1,First,Q1,Winter,2020-02-22,20200222,5,8,2020,2020/02,2020/Feb,2020/Q1
56,2020-02-26,20200226,Wednesday,Wed,26,4,57,NoHoliday,False,True,False,Feb,False,February,2,1,First,Q1,Winter,2020-02-22,20200222,5,8,2020,2020/02,2020/Feb,2020/Q1
57,2020-02-27,20200227,Thursday,Thu,27,5,58,NoHoliday,False,True,False,Feb,False,February,2,1,First,Q1,Winter,2020-02-22,20200222,5,8,2020,2020/02,2020/Feb,2020/Q1
58,2020-02-28,20200228,Friday,Fri,28,6,59,NoHoliday,False,True,False,Feb,False,February,2,1,First,Q1,Winter,2020-02-22,20200222,5,8,2020,2020/02,2020/Feb,2020/Q1
59,2020-02-29,20200229,Saturday,Sat,29,7,60,NoHoliday,False,False,True,Feb,True,February,2,1,First,Q1,Winter,2020-02-22,20200222,5,8,2020,2020/02,2020/Feb,2020/Q1
60,2020-03-01,20200301,Sunday,Sun,1,1,61,NoHoliday,False,False,True,Mar,False,March,3,1,First,Q1,Winter,2020-03-01,20200301,1,9,2020,2020/03,2020/Mar,2020/Q1
61,2020-03-02,20200302,Monday,Mon,2,2,62,NoHoliday,False,True,False,Mar,False,March,3,1,First,Q1,Winter,2020-02-29,20200229,1,9,2020,2020/03,2020/Mar,2020/Q1
62,2020-03-03,20200303,Tuesday,Tue,3,3,63,NoHoliday,False,True,False,Mar,False,March,3,1,First,Q1,Winter,2020-02-29,20200229,1,9,2020,2020/03,2020/Mar,2020/Q1
63,2020-03-04,20200304,Wednesday,Wed,4,4,64,NoHoliday,False,True,False,Mar,False,March,3,1,First,Q1,Winter,2020-02-29,20200229,1,9,2020,2020/03,2020/Mar,2020/Q1
64,2020-03-05,20200305,Thursday,Thu,5,5,65,NoHoliday,False,True,False,Mar,False,March,3,1,First,Q1,Winter,2020-02-29,20200229,1,9,2020,2020/03,2020/Mar,2020/Q1
65,2020-03-06,20200306,Friday,Fri,6,6,66,NoHoliday,False,True,False,Mar,False,March,3,1,First,Q1,Winter,2020-02-29,20200229,1,9,2020,2020/03,2020/Mar,2020/Q1
66,2020-03-07,20200307,Saturday,Sat,7,7,67,NoHoliday,False,False,True,Mar,False,March,3,1,First,Q1,Winter,2020-02-29,20200229,1,9,2020,2020/03,2020/Mar,2020/Q1
67,2020-03-08,20200308,Sunday,Sun,8,1,68,NoHoliday,False,False,True,Mar,False,March,3,1,First,Q1,Winter,2020-03-08,20200308,2,10,2020,2020/03,2020/Mar,2020/Q1
68,2020-03-09,20200309,Monday,Mon,9,2,69,NoHoliday,False,True,False,Mar,False,March,3,1,First,Q1,Winter,2020-03-07,20200307,2,10,2020,2020/03,2020/Mar,2020/Q1
69,2020-03-10,20200310,Tuesday,Tue,10,3,70,NoHoliday,False,True,False,Mar,False,March,3,1,First,Q1,Winter,2020-03-07,20200307,2,10,2020,2020/03,2020/Mar,2020/Q1
70,2020-03-11,20200311,Wednesday,Wed,11,4,71,NoHoliday,False,True,False,Mar,False,March,3,1,First,Q1,Winter,2020-03-07,20200307,2,10,2020,2020/03,2020/Mar,2020/Q1
71,2020-03-12,20200312,Thursday,Thu,12,5,72,NoHoliday,False,True,False,Mar,False,March,3,1,First,Q1,Winter,2020-03-07,20200307,2,10,2020,2020/03,2020/Mar,2020/Q1
72,2020-03-13,20200313,Friday,Fri,13,6,73,NoHoliday,False,True,False,Mar,False,March,3,1,First,Q1,Winter,2020-03-07,20200307,2,10,2020,2020/03,2020/Mar,2020/Q1
73,2020-03-14,20200314,Saturday,Sat,14,7,74,NoHoliday,False,False,True,Mar,False,March,3,1,First,Q1,Winter,2020-03-07,20200307,2,10,2020,2020/03,2020/Mar,2020/Q1
74,2020-03-15,20200315,Sunday,Sun,15,1,75,NoHoliday,False,False,True,Mar,False,March,3,1,First,Q1,Winter,2020-03-15,20200315,3,11,2020,2020/03,2020/Mar,2020/Q1
75,2020-03-16,20200316,Monday,Mon,16,2,76,NoHoliday,False,True,False,Mar,False,March,3,1,First,Q1,Winter,2020-03-14,20200314,3,11,2020,2020/03,2020/Mar,2020/Q1
76,2020-03-17,20200317,Tuesday,Tue,17,3,77,NoHoliday,False,True,False,Mar,False,March,3,1,First,Q1,Winter,2020-03-14,20200314,3,11,2020,2020/03,2020/Mar,2020/Q1
77,2020-03-18,20200318,Wednesday,Wed,18,4,78,NoHoliday,False,True,False,Mar,False,March,3,1,First,Q1,Winter,2020-03-14,20200314,3,11,2020,2020/03,2020/Mar,2020/Q1
78,2020-03-19,20200319,Thursday,Thu,19,5,79,NoHoliday,False,True,False,Mar,False,March,3,1,First,Q1,Winter,2020-03-14,20200314,3,11,2020,2020/03,2020/Mar,2020/Q1
79,2020-03-20,20200320,Friday,Fri,20,6,80,NoHoliday,False,True,False,Mar,False,March,3,1,First,Q1,Spring,2020-03-14,20200314,3,11,2020,2020/03,2020/Mar,2020/Q1
80,2020-03-21,20200321,Saturday,Sat,21,7,81,NoHoliday,False,False,True,Mar,False,March,3,1,First,Q1,Spring,2020-03-14,20200314,3,11,2020,2020/03,2020/Mar,2020/Q1
81,2020-03-22,20200322,Sunday,Sun,22,1,82,NoHoliday,False,False,True,Mar,False,March,3,1,First,Q1,Spring,2020-03-22,20200322,4,12,2020,2020/03,2020/Mar,2020/Q1
82,2020-03-23,20200323,Monday,Mon,23,2,83,NoHoliday,False,True,False,Mar,False,March,3,1,First,Q1,Spring,2020-03-21,20200321,4,12,2020,2020/03,2020/Mar,2020/Q1
83,2020-03-24,20200324,Tuesday,Tue,24,3,84,NoHoliday,False,True,False,Mar,False,March,3,1,First,Q1,Spring,2020-03-21,20200321,4,12,2020,2020/03,2020/Mar,2020/Q1
84,2020-03-25,20200325,Wednesday,Wed,25,4,85,NoHoliday,False,True,False,Mar,False,March,3,1,First,Q1,Spring,2020-03-21,20200321,4,12,2020,2020/03,2020/Mar,2020/Q1
85,2020-03-26,20200326,Thursday,Thu,26,5,86,NoHoliday,False,True,False,Mar,False,March,3,1,First,Q1,Spring,2020-03-21,20200321,4,12,2020,2020/03,2020/Mar,2020/Q1
86,2020-03-27,20200327,Friday,Fri,27,6,87,NoHoliday,False,True,False,Mar,False,March,3,1,First,Q1,Spring,2020-03-21,20200321,4,12,2020,2020/03,2020/Mar,2020/Q1
87,2020-03-28,20200328,Saturday,Sat,28,7,88,NoHoliday,False,False,True,Mar,False,March,3,1,First,Q1,Spring,2020-03-21,20200321,4,12,2020,2020/03,2020/Mar,2020/Q1
88,2020-03-29,20200329,Sunday,Sun,29,1,89,NoHoliday,False,False,True,Mar,False,March,3,1,First,Q1,Spring,2020-03-29,20200329,5,13,2020,2020/03,2020/Mar,2020/Q1
89,2020-03-30,20200330,Monday,Mon,30,2,90,NoHoliday,False,True,False,Mar,False,March,3,1,First,Q1,Spring,2020-03-28,20200328,5,13,2020,2020/03,2020/Mar,2020/Q1
90,2020-03-31,20200331,Tuesday,Tue,31,3,91,NoHoliday,False,True,False,Mar,True,March,3,1,First,Q1,Spring,2020-03-28,20200328,5,13,2020,2020/03,2020/Mar,2020/Q1
91,2020-04-01,20200401,Wednesday,Wed,1,4,92,NoHoliday,False,True,False,Apr,False,April,4,2,Second,Q2,Spring,2020-03-28,20200328,1,13,2020,2020/04,2020/Apr,2020/Q2
92,2020-04-02,20200402,Thursday,Thu,2,5,93,NoHoliday,False,True,False,Apr,False,April,4,2,Second,Q2,Spring,2020-03-28,20200328,1,13,2020,2020/04,2020/Apr,2020/Q2
93,2020-04-03,20200403,Friday,Fri,3,6,94,NoHoliday,False,True,False,Apr,False,April,4,2,Second,Q2,Spring,2020-03-28,20200328,1,13,2020,2020/04,2020/Apr,2020/Q2
94,2020-04-04,20200404,Saturday,Sat,4,7,95,NoHoliday,False,False,True,Apr,False,April,4,2,Second,Q2,Spring,2020-03-28,20200328,1,13,2020,2020/04,2020/Apr,2020/Q2
95,2020-04-05,20200405,Sunday,Sun,5,1,96,NoHoliday,False,False,True,Apr,False,April,4,2,Second,Q2,Spring,2020-04-05,20200405,2,14,2020,2020/04,2020/Apr,2020/Q2
96,2020-04-06,20200406,Monday,Mon,6,2,97,NoHoliday,False,True,False,Apr,False,April,4,2,Second,Q2,Spring,2020-04-04,20200404,2,14,2020,2020/04,2020/Apr,2020/Q2
97,2020-04-07,20200407,Tuesday,Tue,7,3,98,NoHoliday,False,True,False,Apr,False,April,4,2,Second,Q2,Spring,2020-04-04,20200404,2,14,2020,2020/04,2020/Apr,2020/Q2
98,2020-04-08,20200408,Wednesday,Wed,8,4,99,NoHoliday,False,True,False,Apr,False,April,4,2,Second,Q2,Spring,2020-04-04,20200404,2,14,2020,2020/04,2020/Apr,2020/Q2
99,2020-04-09,20200409,Thursday,Thu,9,5,100,NoHoliday,False,True,False,Apr,False,April,4,2,Second,Q2,Spring,2020-04-04,20200404,2,14,2020,2020/04,2020/Apr,2020/Q2
100,2020-04-10,20200410,Friday,Fri,10,6,101,Good Friday,True,True,False,Apr,False,April,4,2,Second,Q2,Spring,2020-04-04,20200404,2,14,2020,2020/04,2020/Apr,2020/Q2
101,2020-04-11,20200411,Saturday,Sat,11,7,102,NoHoliday,False,False,True,Apr,False,April,4,2,Second,Q2,Spring,2020-04-04,20200404,2,14,2020,2020/04,2020/Apr,2020/Q2
102,2020-04-12,20200412,Sunday,Sun,12,1,103,NoHoliday,False,False,True,Apr,False,April,4,2,Second,Q2,Spring,2020-04-12,20200412,3,15,2020,2020/04,2020/Apr,2020/Q2
103,2020-04-13,20200413,Monday,Mon,13,2,104,NoHoliday,False,True,False,Apr,False,April,4,2,Second,Q2,Spring,2020-04-11,20200411,3,15,2020,2020/04,2020/Apr,2020/Q2
104,2020-04-14,20200414,Tuesday,Tue,14,3,105,NoHoliday,False,True,False,Apr,False,April,4,2,Second,Q2,Spring,2020-04-11,20200411,3,15,2020,2020/04,2020/Apr,2020/Q2
105,2020-04-15,20200415,Wednesday,Wed,15,4,106,NoHoliday,False,True,False,Apr,False,April,4,2,Second,Q2,Spring,2020-04-11,20200411,3,15,2020,2020/04,2020/Apr,2020/Q2
106,2020-04-16,20200416,Thursday,Thu,16,5,107,NoHoliday,False,True,False,Apr,False,April,4,2,Second,Q2,Spring,2020-04-11,20200411,3,15,2020,2020/04,2020/Apr,2020/Q2
107,2020-04-17,20200417,Friday,Fri,17,6,108,NoHoliday,False,True,False,Apr,False,April,4,2,Second,Q2,Spring,2020-04-11,20200411,3,15,2020,2020/04,2020/Apr,2020/Q2
108,2020-04-18,20200418,Saturday,Sat,18,7,109,NoHoliday,False,False,True,Apr,False,April,4,2,Second,Q2,Spring,2020-04-11,20200411,3,15,2020,2020/04,2020/Apr,2020/Q2
109,2020-04-19,20200419,Sunday,Sun,19,1,110,NoHoliday,False,False,True,Apr,False,April,4,2,Second,Q2,Spring,2020-04-19,20200419,4,16,2020,2020/04,2020/Apr,2020/Q2
110,2020-04-20,20200420,Monday,Mon,20,2,111,NoHoliday,False,True,False,Apr,False,April,4,2,Second,Q2,Spring,2020-04-18,20200418,4,16,2020,2020/04,2020/Apr,2020/Q2
111,2020-04-21,20200421,Tuesday,Tue,21,3,112,NoHoliday,False,True,False,Apr,False,April,4,2,Second,Q2,Spring,2020-04-18,20200418,4,16,2020,2020/04,2020/Apr,2020/Q2
112,2020-04-22,20200422,Wednesday,Wed,22,4,113,NoHoliday,False,True,False,Apr,False,April,4,2,Second,Q2,Spring,2020-04-18,20200418,4,16,2020,2020/04,2020/Apr,2020/Q2
113,2020-04-23,20200423,Thursday,Thu,23,5,114,NoHoliday,False,True,False,Apr,False,April,4,2,Second,Q2,Spring,2020-04-18,20200418,4,16,2020,2020/04,2020/Apr,2020/Q2
114,2020-04-24,20200424,Friday,Fri,24,6,115,NoHoliday,False,True,False,Apr,False,April,4,2,Second,Q2,Spring,2020-04-18,20200418,4,16,2020,2020/04,2020/Apr,2020/Q2
115,2020-04-25,20200425,Saturday,Sat,25,7,116,NoHoliday,False,False,True,Apr,False,April,4,2,Second,Q2,Spring,2020-04-18,20200418,4,16,2020,2020/04,2020/Apr,2020/Q2
116,2020-04-26,20200426,Sunday,Sun,26,1,117,NoHoliday,False,False,True,Apr,False,April,4,2,Second,Q2,Spring,2020-04-26,20200426,5,17,2020,2020/04,2020/Apr,2020/Q2
117,2020-04-27,20200427,Monday,Mon,27,2,118,NoHoliday,False,True,False,Apr,False,April,4,2,Second,Q2,Spring,2020-04-25,20200425,5,17,2020,2020/04,2020/Apr,2020/Q2
118,2020-04-28,20200428,Tuesday,Tue,28,3,119,NoHoliday,False,True,False,Apr,False,April,4,2,Second,Q2,Spring,2020-04-25,20200425,5,17,2020,2020/04,2020/Apr,2020/Q2
119,2020-04-29,20200429,Wednesday,Wed,29,4,120,NoHoliday,False,True,False,Apr,False,April,4,2,Second,Q2,Spring,2020-04-25,20200425,5,17,2020,2020/04,2020/Apr,2020/Q2
120,2020-04-30,20200430,Thursday,Thu,30,5,121,NoHoliday,False,True,False,Apr,True,April,4,2,Second,Q2,Spring,2020-04-25,20200425,5,17,2020,2020/04,2020/Apr,2020/Q2
121,2020-05-01,20200501,Friday,Fri,1,6,122,NoHoliday,False,True,False,May,False,May,5,2,Second,Q2,Spring,2020-04-25,20200425,1,17,2020,2020/05,2020/May,2020/Q2
122,2020-05-02,20200502,Saturday,Sat,2,7,123,NoHoliday,False,False,True,May,False,May,5,2,Second,Q2,Spring,2020-04-25,20200425,1,17,2020,2020/05,2020/May,2020/Q2
123,2020-05-03,20200503,Sunday,Sun,3,1,124,NoHoliday,False,False,True,May,False,May,5,2,Second,Q2,Spring,2020-05-03,20200503,2,18,2020,2020/05,2020/May,2020/Q2
124,2020-05-04,20200504,Monday,Mon,4,2,125,NoHoliday,False,True,False,May,False,May,5,2,Second,Q2,Spring,2020-05-02,20200502,2,18,2020,2020/05,2020/May,2020/Q2
125,2020-05-05,20200505,Tuesday,Tue,5,3,126,NoHoliday,False,True,False,May,False,May,5,2,Second,Q2,Spring,2020-05-02,20200502,2,18,2020,2020/05,2020/May,2020/Q2
126,2020-05-06,20200506,Wednesday,Wed,6,4,127,NoHoliday,False,True,False,May,False,May,5,2,Second,Q2,Spring,2020-05-02,20200502,2,18,2020,2020/05,2020/May,2020/Q2
127,2020-05-07,20200507,Thursday,Thu,7,5,128,NoHoliday,False,True,False,May,False,May,5,2,Second,Q2,Spring,2020-05-02,20200502,2,18,2020,2020/05,2020/May,2020/Q2
128,2020-05-08,20200508,Friday,Fri,8,6,129,NoHoliday,False,True,False,May,False,May,5,2,Second,Q2,Spring,2020-05-02,20200502,2,18,2020,2020/05,2020/May,2020/Q2
129,2020-05-09,20200509,Saturday,Sat,9,7,130,NoHoliday,False,False,True,May,False,May,5,2,Second,Q2,Spring,2020-05-02,20200502,2,18,2020,2020/05,2020/May,2020/Q2
130,2020-05-10,20200510,Sunday,Sun,10,1,131,NoHoliday,False,False,True,May,False,May,5,2,Second,Q2,Spring,2020-05-10,20200510,3,19,2020,2020/05,2020/May,2020/Q2
131,2020-05-11,20200511,Monday,Mon,11,2,132,NoHoliday,False,True,False,May,False,May,5,2,Second,Q2,Spring,2020-05-09,20200509,3,19,2020,2020/05,2020/May,2020/Q2
132,2020-05-12,20200512,Tuesday,Tue,12,3,133,NoHoliday,False,True,False,May,False,May,5,2,Second,Q2,Spring,2020-05-09,20200509,3,19,2020,2020/05,2020/May,2020/Q2
133,2020-05-13,20200513,Wednesday,Wed,13,4,134,NoHoliday,False,True,False,May,False,May,5,2,Second,Q2,Spring,2020-05-09,20200509,3,19,2020,2020/05,2020/May,2020/Q2
134,2020-05-14,20200514,Thursday,Thu,14,5,135,NoHoliday,False,True,False,May,False,May,5,2,Second,Q2,Spring,2020-05-09,20200509,3,19,2020,2020/05,2020/May,2020/Q2
135,2020-05-15,20200515,Friday,Fri,15,6,136,NoHoliday,False,True,False,May,False,May,5,2,Second,Q2,Spring,2020-05-09,20200509,3,19,2020,2020/05,2020/May,2020/Q2
136,2020-05-16,20200516,Saturday,Sat,16,7,137,NoHoliday,False,False,True,May,False,May,5,2,Second,Q2,Spring,2020-05-09,20200509,3,19,2020,2020/05,2020/May,2020/Q2
137,2020-05-17,20200517,Sunday,Sun,17,1,138,NoHoliday,False,False,True,May,False,May,5,2,Second,Q2,Spring,2020-05-17,20200517,4,20,2020,2020/05,2020/May,2020/Q2
138,2020-05-18,20200518,Monday,Mon,18,2,139,Victoria Day,True,True,False,May,False,May,5,2,Second,Q2,Spring,2020-05-16,20200516,4,20,2020,2020/05,2020/May,2020/Q2
139,2020-05-19,20200519,Tuesday,Tue,19,3,140,NoHoliday,False,True,False,May,False,May,5,2,Second,Q2,Spring,2020-05-16,20200516,4,20,2020,2020/05,2020/May,2020/Q2
140,2020-05-20,20200520,Wednesday,Wed,20,4,141,NoHoliday,False,True,False,May,False,May,5,2,Second,Q2,Spring,2020-05-16,20200516,4,20,2020,2020/05,2020/May,2020/Q2
141,2020-05-21,20200521,Thursday,Thu,21,5,142,NoHoliday,False,True,False,May,False,May,5,2,Second,Q2,Spring,2020-05-16,20200516,4,20,2020,2020/05,2020/May,2020/Q2
142,2020-05-22,20200522,Friday,Fri,22,6,143,NoHoliday,False,True,False,May,False,May,5,2,Second,Q2,Spring,2020-05-16,20200516,4,20,2020,2020/05,2020/May,2020/Q2
143,2020-05-23,20200523,Saturday,Sat,23,7,144,NoHoliday,False,False,True,May,False,May,5,2,Second,Q2,Spring,2020-05-16,20200516,4,20,2020,2020/05,2020/May,2020/Q2
144,2020-05-24,20200524,Sunday,Sun,24,1,145,NoHoliday,False,False,True,May,False,May,5,2,Second,Q2,Spring,2020-05-24,20200524,5,21,2020,2020/05,2020/May,2020/Q2
145,2020-05-25,20200525,Monday,Mon,25,2,146,NoHoliday,False,True,False,May,False,May,5,2,Second,Q2,Spring,2020-05-23,20200523,5,21,2020,2020/05,2020/May,2020/Q2
146,2020-05-26,20200526,Tuesday,Tue,26,3,147,NoHoliday,False,True,False,May,False,May,5,2,Second,Q2,Spring,2020-05-23,20200523,5,21,2020,2020/05,2020/May,2020/Q2
147,2020-05-27,20200527,Wednesday,Wed,27,4,148,NoHoliday,False,True,False,May,False,May,5,2,Second,Q2,Spring,2020-05-23,20200523,5,21,2020,2020/05,2020/May,2020/Q2
148,2020-05-28,20200528,Thursday,Thu,28,5,149,NoHoliday,False,True,False,May,False,May,5,2,Second,Q2,Spring,2020-05-23,20200523,5,21,2020,2020/05,2020/May,2020/Q2
149,2020-05-29,20200529,Friday,Fri,29,6,150,NoHoliday,False,True,False,May,False,May,5,2,Second,Q2,Spring,2020-05-23,20200523,5,21,2020,2020/05,2020/May,2020/Q2
150,2020-05-30,20200530,Saturday,Sat,30,7,151,NoHoliday,False,False,True,May,False,May,5,2,Second,Q2,Spring,2020-05-23,20200523,5,21,2020,2020/05,2020/May,2020/Q2
151,2020-05-31,20200531,Sunday,Sun,31,1,152,NoHoliday,False,False,True,May,True,May,5,2,Second,Q2,Spring,2020-05-31,20200531,6,22,2020,2020/05,2020/May,2020/Q2
152,2020-06-01,20200601,Monday,Mon,1,2,153,NoHoliday,False,True,False,Jun,False,June,6,2,Second,Q2,Spring,2020-05-30,20200530,1,22,2020,2020/06,2020/Jun,2020/Q2
153,2020-06-02,20200602,Tuesday,Tue,2,3,154,NoHoliday,False,True,False,Jun,False,June,6,2,Second,Q2,Spring,2020-05-30,20200530,1,22,2020,2020/06,2020/Jun,2020/Q2
154,2020-06-03,20200603,Wednesday,Wed,3,4,155,NoHoliday,False,True,False,Jun,False,June,6,2,Second,Q2,Spring,2020-05-30,20200530,1,22,2020,2020/06,2020/Jun,2020/Q2
155,2020-06-04,20200604,Thursday,Thu,4,5,156,NoHoliday,False,True,False,Jun,False,June,6,2,Second,Q2,Spring,2020-05-30,20200530,1,22,2020,2020/06,2020/Jun,2020/Q2
156,2020-06-05,20200605,Friday,Fri,5,6,157,NoHoliday,False,True,False,Jun,False,June,6,2,Second,Q2,Spring,2020-05-30,20200530,1,22,2020,2020/06,2020/Jun,2020/Q2
157,2020-06-06,20200606,Saturday,Sat,6,7,158,NoHoliday,False,False,True,Jun,False,June,6,2,Second,Q2,Spring,2020-05-30,20200530,1,22,2020,2020/06,2020/Jun,2020/Q2
158,2020-06-07,20200607,Sunday,Sun,7,1,159,NoHoliday,False,False,True,Jun,False,June,6,2,Second,Q2,Spring,2020-06-07,20200607,2,23,2020,2020/06,2020/Jun,2020/Q2
159,2020-06-08,20200608,Monday,Mon,8,2,160,NoHoliday,False,True,False,Jun,False,June,6,2,Second,Q2,Spring,2020-06-06,20200606,2,23,2020,2020/06,2020/Jun,2020/Q2
160,2020-06-09,20200609,Tuesday,Tue,9,3,161,NoHoliday,False,True,False,Jun,False,June,6,2,Second,Q2,Spring,2020-06-06,20200606,2,23,2020,2020/06,2020/Jun,2020/Q2
161,2020-06-10,20200610,Wednesday,Wed,10,4,162,NoHoliday,False,True,False,Jun,False,June,6,2,Second,Q2,Spring,2020-06-06,20200606,2,23,2020,2020/06,2020/Jun,2020/Q2
162,2020-06-11,20200611,Thursday,Thu,11,5,163,NoHoliday,False,True,False,Jun,False,June,6,2,Second,Q2,Spring,2020-06-06,20200606,2,23,2020,2020/06,2020/Jun,2020/Q2
163,2020-06-12,20200612,Friday,Fri,12,6,164,NoHoliday,False,True,False,Jun,False,June,6,2,Second,Q2,Spring,2020-06-06,20200606,2,23,2020,2020/06,2020/Jun,2020/Q2
164,2020-06-13,20200613,Saturday,Sat,13,7,165,NoHoliday,False,False,True,Jun,False,June,6,2,Second,Q2,Spring,2020-06-06,20200606,2,23,2020,2020/06,2020/Jun,2020/Q2
165,2020-06-14,20200614,Sunday,Sun,14,1,166,NoHoliday,False,False,True,Jun,False,June,6,2,Second,Q2,Spring,2020-06-14,20200614,3,24,2020,2020/06,2020/Jun,2020/Q2
166,2020-06-15,20200615,Monday,Mon,15,2,167,NoHoliday,False,True,False,Jun,False,June,6,2,Second,Q2,Spring,2020-06-13,20200613,3,24,2020,2020/06,2020/Jun,2020/Q2
167,2020-06-16,20200616,Tuesday,Tue,16,3,168,NoHoliday,False,True,False,Jun,False,June,6,2,Second,Q2,Spring,2020-06-13,20200613,3,24,2020,2020/06,2020/Jun,2020/Q2
168,2020-06-17,20200617,Wednesday,Wed,17,4,169,NoHoliday,False,True,False,Jun,False,June,6,2,Second,Q2,Spring,2020-06-13,20200613,3,24,2020,2020/06,2020/Jun,2020/Q2
169,2020-06-18,20200618,Thursday,Thu,18,5,170,NoHoliday,False,True,False,Jun,False,June,6,2,Second,Q2,Spring,2020-06-13,20200613,3,24,2020,2020/06,2020/Jun,2020/Q2
170,2020-06-19,20200619,Friday,Fri,19,6,171,NoHoliday,False,True,False,Jun,False,June,6,2,Second,Q2,Spring,2020-06-13,20200613,3,24,2020,2020/06,2020/Jun,2020/Q2
171,2020-06-20,20200620,Saturday,Sat,20,7,172,NoHoliday,False,False,True,Jun,False,June,6,2,Second,Q2,Summer,2020-06-13,20200613,3,24,2020,2020/06,2020/Jun,2020/Q2
172,2020-06-21,20200621,Sunday,Sun,21,1,173,NoHoliday,False,False,True,Jun,False,June,6,2,Second,Q2,Summer,2020-06-21,20200621,4,25,2020,2020/06,2020/Jun,2020/Q2
173,2020-06-22,20200622,Monday,Mon,22,2,174,NoHoliday,False,True,False,Jun,False,June,6,2,Second,Q2,Summer,2020-06-20,20200620,4,25,2020,2020/06,2020/Jun,2020/Q2
174,2020-06-23,20200623,Tuesday,Tue,23,3,175,NoHoliday,False,True,False,Jun,False,June,6,2,Second,Q2,Summer,2020-06-20,20200620,4,25,2020,2020/06,2020/Jun,2020/Q2
175,2020-06-24,20200624,Wednesday,Wed,24,4,176,NoHoliday,False,True,False,Jun,False,June,6,2,Second,Q2,Summer,2020-06-20,20200620,4,25,2020,2020/06,2020/Jun,2020/Q2
176,2020-06-25,20200625,Thursday,Thu,25,5,177,NoHoliday,False,True,False,Jun,False,June,6,2,Second,Q2,Summer,2020-06-20,20200620,4,25,2020,2020/06,2020/Jun,2020/Q2
177,2020-06-26,20200626,Friday,Fri,26,6,178,NoHoliday,False,True,False,Jun,False,June,6,2,Second,Q2,Summer,2020-06-20,20200620,4,25,2020,2020/06,2020/Jun,2020/Q2
178,2020-06-27,20200627,Saturday,Sat,27,7,179,NoHoliday,False,False,True,Jun,False,June,6,2,Second,Q2,Summer,2020-06-20,20200620,4,25,2020,2020/06,2020/Jun,2020/Q2
179,2020-06-28,20200628,Sunday,Sun,28,1,180,NoHoliday,False,False,True,Jun,False,June,6,2,Second,Q2,Summer,2020-06-28,20200628,5,26,2020,2020/06,2020/Jun,2020/Q2
180,2020-06-29,20200629,Monday,Mon,29,2,181,NoHoliday,False,True,False,Jun,False,June,6,2,Second,Q2,Summer,2020-06-27,20200627,5,26,2020,2020/06,2020/Jun,2020/Q2
181,2020-06-30,20200630,Tuesday,Tue,30,3,182,NoHoliday,False,True,False,Jun,True,June,6,2,Second,Q2,Summer,2020-06-27,20200627,5,26,2020,2020/06,2020/Jun,2020/Q2
182,2020-07-01,20200701,Wednesday,Wed,1,4,183,Canada Day,True,True,False,Jul,False,July,7,3,Third,Q3,Summer,2020-06-27,20200627,1,26,2020,2020/07,2020/Jul,2020/Q3
183,2020-07-02,20200702,Thursday,Thu,2,5,184,NoHoliday,False,True,False,Jul,False,July,7,3,Third,Q3,Summer,2020-06-27,20200627,1,26,2020,2020/07,2020/Jul,2020/Q3
184,2020-07-03,20200703,Friday,Fri,3,6,185,NoHoliday,False,True,False,Jul,False,July,7,3,Third,Q3,Summer,2020-06-27,20200627,1,26,2020,2020/07,2020/Jul,2020/Q3
185,2020-07-04,20200704,Saturday,Sat,4,7,186,NoHoliday,False,False,True,Jul,False,July,7,3,Third,Q3,Summer,2020-06-27,20200627,1,26,2020,2020/07,2020/Jul,2020/Q3
186,2020-07-05,20200705,Sunday,Sun,5,1,187,NoHoliday,False,False,True,Jul,False,July,7,3,Third,Q3,Summer,2020-07-05,20200705,2,27,2020,2020/07,2020/Jul,2020/Q3
187,2020-07-06,20200706,Monday,Mon,6,2,188,NoHoliday,False,True,False,Jul,False,July,7,3,Third,Q3,Summer,2020-07-04,20200704,2,27,2020,2020/07,2020/Jul,2020/Q3
188,2020-07-07,20200707,Tuesday,Tue,7,3,189,NoHoliday,False,True,False,Jul,False,July,7,3,Third,Q3,Summer,2020-07-04,20200704,2,27,2020,2020/07,2020/Jul,2020/Q3
189,2020-07-08,20200708,Wednesday,Wed,8,4,190,NoHoliday,False,True,False,Jul,False,July,7,3,Third,Q3,Summer,2020-07-04,20200704,2,27,2020,2020/07,2020/Jul,2020/Q3
190,2020-07-09,20200709,Thursday,Thu,9,5,191,NoHoliday,False,True,False,Jul,False,July,7,3,Third,Q3,Summer,2020-07-04,20200704,2,27,2020,2020/07,2020/Jul,2020/Q3
191,2020-07-10,20200710,Friday,Fri,10,6,192,NoHoliday,False,True,False,Jul,False,July,7,3,Third,Q3,Summer,2020-07-04,20200704,2,27,2020,2020/07,2020/Jul,2020/Q3
192,2020-07-11,20200711,Saturday,Sat,11,7,193,NoHoliday,False,False,True,Jul,False,July,7,3,Third,Q3,Summer,2020-07-04,20200704,2,27,2020,2020/07,2020/Jul,2020/Q3
193,2020-07-12,20200712,Sunday,Sun,12,1,194,NoHoliday,False,False,True,Jul,False,July,7,3,Third,Q3,Summer,2020-07-12,20200712,3,28,2020,2020/07,2020/Jul,2020/Q3
194,2020-07-13,20200713,Monday,Mon,13,2,195,NoHoliday,False,True,False,Jul,False,July,7,3,Third,Q3,Summer,2020-07-11,20200711,3,28,2020,2020/07,2020/Jul,2020/Q3
195,2020-07-14,20200714,Tuesday,Tue,14,3,196,NoHoliday,False,True,False,Jul,False,July,7,3,Third,Q3,Summer,2020-07-11,20200711,3,28,2020,2020/07,2020/Jul,2020/Q3
196,2020-07-15,20200715,Wednesday,Wed,15,4,197,NoHoliday,False,True,False,Jul,False,July,7,3,Third,Q3,Summer,2020-07-11,20200711,3,28,2020,2020/07,2020/Jul,2020/Q3
197,2020-07-16,20200716,Thursday,Thu,16,5,198,NoHoliday,False,True,False,Jul,False,July,7,3,Third,Q3,Summer,2020-07-11,20200711,3,28,2020,2020/07,2020/Jul,2020/Q3
198,2020-07-17,20200717,Friday,Fri,17,6,199,NoHoliday,False,True,False,Jul,False,July,7,3,Third,Q3,Summer,2020-07-11,20200711,3,28,2020,2020/07,2020/Jul,2020/Q3
199,2020-07-18,20200718,Saturday,Sat,18,7,200,NoHoliday,False,False,True,Jul,False,July,7,3,Third,Q3,Summer,2020-07-11,20200711,3,28,2020,2020/07,2020/Jul,2020/Q3
200,2020-07-19,20200719,Sunday,Sun,19,1,201,NoHoliday,False,False,True,Jul,False,July,7,3,Third,Q3,Summer,2020-07-19,20200719,4,29,2020,2020/07,2020/Jul,2020/Q3
201,2020-07-20,20200720,Monday,Mon,20,2,202,NoHoliday,False,True,False,Jul,False,July,7,3,Third,Q3,Summer,2020-07-18,20200718,4,29,2020,2020/07,2020/Jul,2020/Q3
202,2020-07-21,20200721,Tuesday,Tue,21,3,203,NoHoliday,False,True,False,Jul,False,July,7,3,Third,Q3,Summer,2020-07-18,20200718,4,29,2020,2020/07,2020/Jul,2020/Q3
203,2020-07-22,20200722,Wednesday,Wed,22,4,204,NoHoliday,False,True,False,Jul,False,July,7,3,Third,Q3,Summer,2020-07-18,20200718,4,29,2020,2020/07,2020/Jul,2020/Q3
204,2020-07-23,20200723,Thursday,Thu,23,5,205,NoHoliday,False,True,False,Jul,False,July,7,3,Third,Q3,Summer,2020-07-18,20200718,4,29,2020,2020/07,2020/Jul,2020/Q3
205,2020-07-24,20200724,Friday,Fri,24,6,206,NoHoliday,False,True,False,Jul,False,July,7,3,Third,Q3,Summer,2020-07-18,20200718,4,29,2020,2020/07,2020/Jul,2020/Q3
206,2020-07-25,20200725,Saturday,Sat,25,7,207,NoHoliday,False,False,True,Jul,False,July,7,3,Third,Q3,Summer,2020-07-18,20200718,4,29,2020,2020/07,2020/Jul,2020/Q3
207,2020-07-26,20200726,Sunday,Sun,26,1,208,NoHoliday,False,False,True,Jul,False,July,7,3,Third,Q3,Summer,2020-07-26,20200726,5,30,2020,2020/07,2020/Jul,2020/Q3
208,2020-07-27,20200727,Monday,Mon,27,2,209,NoHoliday,False,True,False,Jul,False,July,7,3,Third,Q3,Summer,2020-07-25,20200725,5,30,2020,2020/07,2020/Jul,2020/Q3
209,2020-07-28,20200728,Tuesday,Tue,28,3,210,NoHoliday,False,True,False,Jul,False,July,7,3,Third,Q3,Summer,2020-07-25,20200725,5,30,2020,2020/07,2020/Jul,2020/Q3
210,2020-07-29,20200729,Wednesday,Wed,29,4,211,NoHoliday,False,True,False,Jul,False,July,7,3,Third,Q3,Summer,2020-07-25,20200725,5,30,2020,2020/07,2020/Jul,2020/Q3
211,2020-07-30,20200730,Thursday,Thu,30,5,212,NoHoliday,False,True,False,Jul,False,July,7,3,Third,Q3,Summer,2020-07-25,20200725,5,30,2020,2020/07,2020/Jul,2020/Q3
212,2020-07-31,20200731,Friday,Fri,31,6,213,NoHoliday,False,True,False,Jul,True,July,7,3,Third,Q3,Summer,2020-07-25,20200725,5,30,2020,2020/07,2020/Jul,2020/Q3
213,2020-08-01,20200801,Saturday,Sat,1,7,214,NoHoliday,False,False,True,Aug,False,August,8,3,Third,Q3,Summer,2020-07-25,20200725,1,30,2020,2020/08,2020/Aug,2020/Q3
214,2020-08-02,20200802,Sunday,Sun,2,1,215,NoHoliday,False,False,True,Aug,False,August,8,3,Third,Q3,Summer,2020-08-02,20200802,2,31,2020,2020/08,2020/Aug,2020/Q3
215,2020-08-03,20200803,Monday,Mon,3,2,216,Civic Holiday,True,True,False,Aug,False,August,8,3,Third,Q3,Summer,2020-08-01,20200801,2,31,2020,2020/08,2020/Aug,2020/Q3
216,2020-08-04,20200804,Tuesday,Tue,4,3,217,NoHoliday,False,True,False,Aug,False,August,8,3,Third,Q3,Summer,2020-08-01,20200801,2,31,2020,2020/08,2020/Aug,2020/Q3
217,2020-08-05,20200805,Wednesday,Wed,5,4,218,NoHoliday,False,True,False,Aug,False,August,8,3,Third,Q3,Summer,2020-08-01,20200801,2,31,2020,2020/08,2020/Aug,2020/Q3
218,2020-08-06,20200806,Thursday,Thu,6,5,219,NoHoliday,False,True,False,Aug,False,August,8,3,Third,Q3,Summer,2020-08-01,20200801,2,31,2020,2020/08,2020/Aug,2020/Q3
219,2020-08-07,20200807,Friday,Fri,7,6,220,NoHoliday,False,True,False,Aug,False,August,8,3,Third,Q3,Summer,2020-08-01,20200801,2,31,2020,2020/08,2020/Aug,2020/Q3
220,2020-08-08,20200808,Saturday,Sat,8,7,221,NoHoliday,False,False,True,Aug,False,August,8,3,Third,Q3,Summer,2020-08-01,20200801,2,31,2020,2020/08,2020/Aug,2020/Q3
221,2020-08-09,20200809,Sunday,Sun,9,1,222,NoHoliday,False,False,True,Aug,False,August,8,3,Third,Q3,Summer,2020-08-09,20200809,3,32,2020,2020/08,2020/Aug,2020/Q3
222,2020-08-10,20200810,Monday,Mon,10,2,223,NoHoliday,False,True,False,Aug,False,August,8,3,Third,Q3,Summer,2020-08-08,20200808,3,32,2020,2020/08,2020/Aug,2020/Q3
223,2020-08-11,20200811,Tuesday,Tue,11,3,224,NoHoliday,False,True,False,Aug,False,August,8,3,Third,Q3,Summer,2020-08-08,20200808,3,32,2020,2020/08,2020/Aug,2020/Q3
224,2020-08-12,20200812,Wednesday,Wed,12,4,225,NoHoliday,False,True,False,Aug,False,August,8,3,Third,Q3,Summer,2020-08-08,20200808,3,32,2020,2020/08,2020/Aug,2020/Q3
225,2020-08-13,20200813,Thursday,Thu,13,5,226,NoHoliday,False,True,False,Aug,False,August,8,3,Third,Q3,Summer,2020-08-08,20200808,3,32,2020,2020/08,2020/Aug,2020/Q3
226,2020-08-14,20200814,Friday,Fri,14,6,227,NoHoliday,False,True,False,Aug,False,August,8,3,Third,Q3,Summer,2020-08-08,20200808,3,32,2020,2020/08,2020/Aug,2020/Q3
227,2020-08-15,20200815,Saturday,Sat,15,7,228,NoHoliday,False,False,True,Aug,False,August,8,3,Third,Q3,Summer,2020-08-08,20200808,3,32,2020,2020/08,2020/Aug,2020/Q3
228,2020-08-16,20200816,Sunday,Sun,16,1,229,NoHoliday,False,False,True,Aug,False,August,8,3,Third,Q3,Summer,2020-08-16,20200816,4,33,2020,2020/08,2020/Aug,2020/Q3
229,2020-08-17,20200817,Monday,Mon,17,2,230,NoHoliday,False,True,False,Aug,False,August,8,3,Third,Q3,Summer,2020-08-15,20200815,4,33,2020,2020/08,2020/Aug,2020/Q3
230,2020-08-18,20200818,Tuesday,Tue,18,3,231,NoHoliday,False,True,False,Aug,False,August,8,3,Third,Q3,Summer,2020-08-15,20200815,4,33,2020,2020/08,2020/Aug,2020/Q3
231,2020-08-19,20200819,Wednesday,Wed,19,4,232,NoHoliday,False,True,False,Aug,False,August,8,3,Third,Q3,Summer,2020-08-15,20200815,4,33,2020,2020/08,2020/Aug,2020/Q3
232,2020-08-20,20200820,Thursday,Thu,20,5,233,NoHoliday,False,True,False,Aug,False,August,8,3,Third,Q3,Summer,2020-08-15,20200815,4,33,2020,2020/08,2020/Aug,2020/Q3
233,2020-08-21,20200821,Friday,Fri,21,6,234,NoHoliday,False,True,False,Aug,False,August,8,3,Third,Q3,Summer,2020-08-15,20200815,4,33,2020,2020/08,2020/Aug,2020/Q3
234,2020-08-22,20200822,Saturday,Sat,22,7,235,NoHoliday,False,False,True,Aug,False,August,8,3,Third,Q3,Summer,2020-08-15,20200815,4,33,2020,2020/08,2020/Aug,2020/Q3
235,2020-08-23,20200823,Sunday,Sun,23,1,236,NoHoliday,False,False,True,Aug,False,August,8,3,Third,Q3,Summer,2020-08-23,20200823,5,34,2020,2020/08,2020/Aug,2020/Q3
236,2020-08-24,20200824,Monday,Mon,24,2,237,NoHoliday,False,True,False,Aug,False,August,8,3,Third,Q3,Summer,2020-08-22,20200822,5,34,2020,2020/08,2020/Aug,2020/Q3
237,2020-08-25,20200825,Tuesday,Tue,25,3,238,NoHoliday,False,True,False,Aug,False,August,8,3,Third,Q3,Summer,2020-08-22,20200822,5,34,2020,2020/08,2020/Aug,2020/Q3
238,2020-08-26,20200826,Wednesday,Wed,26,4,239,NoHoliday,False,True,False,Aug,False,August,8,3,Third,Q3,Summer,2020-08-22,20200822,5,34,2020,2020/08,2020/Aug,2020/Q3
239,2020-08-27,20200827,Thursday,Thu,27,5,240,NoHoliday,False,True,False,Aug,False,August,8,3,Third,Q3,Summer,2020-08-22,20200822,5,34,2020,2020/08,2020/Aug,2020/Q3
240,2020-08-28,20200828,Friday,Fri,28,6,241,NoHoliday,False,True,False,Aug,False,August,8,3,Third,Q3,Summer,2020-08-22,20200822,5,34,2020,2020/08,2020/Aug,2020/Q3
241,2020-08-29,20200829,Saturday,Sat,29,7,242,NoHoliday,False,False,True,Aug,False,August,8,3,Third,Q3,Summer,2020-08-22,20200822,5,34,2020,2020/08,2020/Aug,2020/Q3
242,2020-08-30,20200830,Sunday,Sun,30,1,243,NoHoliday,False,False,True,Aug,False,August,8,3,Third,Q3,Summer,2020-08-30,20200830,6,35,2020,2020/08,2020/Aug,2020/Q3
243,2020-08-31,20200831,Monday,Mon,31,2,244,NoHoliday,False,True,False,Aug,True,August,8,3,Third,Q3,Summer,2020-08-29,20200829,6,35,2020,2020/08,2020/Aug,2020/Q3
244,2020-09-01,20200901,Tuesday,Tue,1,3,245,NoHoliday,False,True,False,Sep,False,September,9,3,Third,Q3,Summer,2020-08-29,20200829,1,35,2020,2020/09,2020/Sep,2020/Q3
245,2020-09-02,20200902,Wednesday,Wed,2,4,246,NoHoliday,False,True,False,Sep,False,September,9,3,Third,Q3,Summer,2020-08-29,20200829,1,35,2020,2020/09,2020/Sep,2020/Q3
246,2020-09-03,20200903,Thursday,Thu,3,5,247,NoHoliday,False,True,False,Sep,False,September,9,3,Third,Q3,Summer,2020-08-29,20200829,1,35,2020,2020/09,2020/Sep,2020/Q3
247,2020-09-04,20200904,Friday,Fri,4,6,248,NoHoliday,False,True,False,Sep,False,September,9,3,Third,Q3,Summer,2020-08-29,20200829,1,35,2020,2020/09,2020/Sep,2020/Q3
248,2020-09-05,20200905,Saturday,Sat,5,7,249,NoHoliday,False,False,True,Sep,False,September,9,3,Third,Q3,Summer,2020-08-29,20200829,1,35,2020,2020/09,2020/Sep,2020/Q3
249,2020-09-06,20200906,Sunday,Sun,6,1,250,NoHoliday,False,False,True,Sep,False,September,9,3,Third,Q3,Summer,2020-09-06,20200906,2,36,2020,2020/09,2020/Sep,2020/Q3
250,2020-09-07,20200907,Monday,Mon,7,2,251,Labour Day,True,True,False,Sep,False,September,9,3,Third,Q3,Summer,2020-09-05,20200905,2,36,2020,2020/09,2020/Sep,2020/Q3
251,2020-09-08,20200908,Tuesday,Tue,8,3,252,NoHoliday,False,True,False,Sep,False,September,9,3,Third,Q3,Summer,2020-09-05,20200905,2,36,2020,2020/09,2020/Sep,2020/Q3
252,2020-09-09,20200909,Wednesday,Wed,9,4,253,NoHoliday,False,True,False,Sep,False,September,9,3,Third,Q3,Summer,2020-09-05,20200905,2,36,2020,2020/09,2020/Sep,2020/Q3
253,2020-09-10,20200910,Thursday,Thu,10,5,254,NoHoliday,False,True,False,Sep,False,September,9,3,Third,Q3,Summer,2020-09-05,20200905,2,36,2020,2020/09,2020/Sep,2020/Q3
254,2020-09-11,20200911,Friday,Fri,11,6,255,NoHoliday,False,True,False,Sep,False,September,9,3,Third,Q3,Summer,2020-09-05,20200905,2,36,2020,2020/09,2020/Sep,2020/Q3
255,2020-09-12,20200912,Saturday,Sat,12,7,256,NoHoliday,False,False,True,Sep,False,September,9,3,Third,Q3,Summer,2020-09-05,20200905,2,36,2020,2020/09,2020/Sep,2020/Q3
256,2020-09-13,20200913,Sunday,Sun,13,1,257,NoHoliday,False,False,True,Sep,False,September,9,3,Third,Q3,Summer,2020-09-13,20200913,3,37,2020,2020/09,2020/Sep,2020/Q3
257,2020-09-14,20200914,Monday,Mon,14,2,258,NoHoliday,False,True,False,Sep,False,September,9,3,Third,Q3,Summer,2020-09-12,20200912,3,37,2020,2020/09,2020/Sep,2020/Q3
258,2020-09-15,20200915,Tuesday,Tue,15,3,259,NoHoliday,False,True,False,Sep,False,September,9,3,Third,Q3,Summer,2020-09-12,20200912,3,37,2020,2020/09,2020/Sep,2020/Q3
259,2020-09-16,20200916,Wednesday,Wed,16,4,260,NoHoliday,False,True,False,Sep,False,September,9,3,Third,Q3,Summer,2020-09-12,20200912,3,37,2020,2020/09,2020/Sep,2020/Q3
260,2020-09-17,20200917,Thursday,Thu,17,5,261,NoHoliday,False,True,False,Sep,False,September,9,3,Third,Q3,Summer,2020-09-12,20200912,3,37,2020,2020/09,2020/Sep,2020/Q3
261,2020-09-18,20200918,Friday,Fri,18,6,262,NoHoliday,False,True,False,Sep,False,September,9,3,Third,Q3,Summer,2020-09-12,20200912,3,37,2020,2020/09,2020/Sep,2020/Q3
262,2020-09-19,20200919,Saturday,Sat,19,7,263,NoHoliday,False,False,True,Sep,False,September,9,3,Third,Q3,Summer,2020-09-12,20200912,3,37,2020,2020/09,2020/Sep,2020/Q3
263,2020-09-20,20200920,Sunday,Sun,20,1,264,NoHoliday,False,False,True,Sep,False,September,9,3,Third,Q3,Fall,2020-09-20,20200920,4,38,2020,2020/09,2020/Sep,2020/Q3
264,2020-09-21,20200921,Monday,Mon,21,2,265,NoHoliday,False,True,False,Sep,False,September,9,3,Third,Q3,Fall,2020-09-19,20200919,4,38,2020,2020/09,2020/Sep,2020/Q3
265,2020-09-22,20200922,Tuesday,Tue,22,3,266,NoHoliday,False,True,False,Sep,False,September,9,3,Third,Q3,Fall,2020-09-19,20200919,4,38,2020,2020/09,2020/Sep,2020/Q3
266,2020-09-23,20200923,Wednesday,Wed,23,4,267,NoHoliday,False,True,False,Sep,False,September,9,3,Third,Q3,Fall,2020-09-19,20200919,4,38,2020,2020/09,2020/Sep,2020/Q3
267,2020-09-24,20200924,Thursday,Thu,24,5,268,NoHoliday,False,True,False,Sep,False,September,9,3,Third,Q3,Fall,2020-09-19,20200919,4,38,2020,2020/09,2020/Sep,2020/Q3
268,2020-09-25,20200925,Friday,Fri,25,6,269,NoHoliday,False,True,False,Sep,False,September,9,3,Third,Q3,Fall,2020-09-19,20200919,4,38,2020,2020/09,2020/Sep,2020/Q3
269,2020-09-26,20200926,Saturday,Sat,26,7,270,NoHoliday,False,False,True,Sep,False,September,9,3,Third,Q3,Fall,2020-09-19,20200919,4,38,2020,2020/09,2020/Sep,2020/Q3
270,2020-09-27,20200927,Sunday,Sun,27,1,271,NoHoliday,False,False,True,Sep,False,September,9,3,Third,Q3,Fall,2020-09-27,20200927,5,39,2020,2020/09,2020/Sep,2020/Q3
271,2020-09-28,20200928,Monday,Mon,28,2,272,NoHoliday,False,True,False,Sep,False,September,9,3,Third,Q3,Fall,2020-09-26,20200926,5,39,2020,2020/09,2020/Sep,2020/Q3
272,2020-09-29,20200929,Tuesday,Tue,29,3,273,NoHoliday,False,True,False,Sep,False,September,9,3,Third,Q3,Fall,2020-09-26,20200926,5,39,2020,2020/09,2020/Sep,2020/Q3
273,2020-09-30,20200930,Wednesday,Wed,30,4,274,NoHoliday,False,True,False,Sep,True,September,9,3,Third,Q3,Fall,2020-09-26,20200926,5,39,2020,2020/09,2020/Sep,2020/Q3
274,2020-10-01,20201001,Thursday,Thu,1,5,275,NoHoliday,False,True,False,Oct,False,October,10,4,Fourth,Q4,Fall,2020-09-26,20200926,1,39,2020,2020/10,2020/Oct,2020/Q4
275,2020-10-02,20201002,Friday,Fri,2,6,276,NoHoliday,False,True,False,Oct,False,October,10,4,Fourth,Q4,Fall,2020-09-26,20200926,1,39,2020,2020/10,2020/Oct,2020/Q4
276,2020-10-03,20201003,Saturday,Sat,3,7,277,NoHoliday,False,False,True,Oct,False,October,10,4,Fourth,Q4,Fall,2020-09-26,20200926,1,39,2020,2020/10,2020/Oct,2020/Q4
277,2020-10-04,20201004,Sunday,Sun,4,1,278,NoHoliday,False,False,True,Oct,False,October,10,4,Fourth,Q4,Fall,2020-10-04,20201004,2,40,2020,2020/10,2020/Oct,2020/Q4
278,2020-10-05,20201005,Monday,Mon,5,2,279,NoHoliday,False,True,False,Oct,False,October,10,4,Fourth,Q4,Fall,2020-10-03,20201003,2,40,2020,2020/10,2020/Oct,2020/Q4
279,2020-10-06,20201006,Tuesday,Tue,6,3,280,NoHoliday,False,True,False,Oct,False,October,10,4,Fourth,Q4,Fall,2020-10-03,20201003,2,40,2020,2020/10,2020/Oct,2020/Q4
280,2020-10-07,20201007,Wednesday,Wed,7,4,281,NoHoliday,False,True,False,Oct,False,October,10,4,Fourth,Q4,Fall,2020-10-03,20201003,2,40,2020,2020/10,2020/Oct,2020/Q4
281,2020-10-08,20201008,Thursday,Thu,8,5,282,NoHoliday,False,True,False,Oct,False,October,10,4,Fourth,Q4,Fall,2020-10-03,20201003,2,40,2020,2020/10,2020/Oct,2020/Q4
282,2020-10-09,20201009,Friday,Fri,9,6,283,NoHoliday,False,True,False,Oct,False,October,10,4,Fourth,Q4,Fall,2020-10-03,20201003,2,40,2020,2020/10,2020/Oct,2020/Q4
283,2020-10-10,20201010,Saturday,Sat,10,7,284,NoHoliday,False,False,True,Oct,False,October,10,4,Fourth,Q4,Fall,2020-10-03,20201003,2,40,2020,2020/10,2020/Oct,2020/Q4
284,2020-10-11,20201011,Sunday,Sun,11,1,285,NoHoliday,False,False,True,Oct,False,October,10,4,Fourth,Q4,Fall,2020-10-11,20201011,3,41,2020,2020/10,2020/Oct,2020/Q4
285,2020-10-12,20201012,Monday,Mon,12,2,286,Thanksgiving,True,True,False,Oct,False,October,10,4,Fourth,Q4,Fall,2020-10-10,20201010,3,41,2020,2020/10,2020/Oct,2020/Q4
286,2020-10-13,20201013,Tuesday,Tue,13,3,287,NoHoliday,False,True,False,Oct,False,October,10,4,Fourth,Q4,Fall,2020-10-10,20201010,3,41,2020,2020/10,2020/Oct,2020/Q4
287,2020-10-14,20201014,Wednesday,Wed,14,4,288,NoHoliday,False,True,False,Oct,False,October,10,4,Fourth,Q4,Fall,2020-10-10,20201010,3,41,2020,2020/10,2020/Oct,2020/Q4
288,2020-10-15,20201015,Thursday,Thu,15,5,289,NoHoliday,False,True,False,Oct,False,October,10,4,Fourth,Q4,Fall,2020-10-10,20201010,3,41,2020,2020/10,2020/Oct,2020/Q4
289,2020-10-16,20201016,Friday,Fri,16,6,290,NoHoliday,False,True,False,Oct,False,October,10,4,Fourth,Q4,Fall,2020-10-10,20201010,3,41,2020,2020/10,2020/Oct,2020/Q4
290,2020-10-17,20201017,Saturday,Sat,17,7,291,NoHoliday,False,False,True,Oct,False,October,10,4,Fourth,Q4,Fall,2020-10-10,20201010,3,41,2020,2020/10,2020/Oct,2020/Q4
291,2020-10-18,20201018,Sunday,Sun,18,1,292,NoHoliday,False,False,True,Oct,False,October,10,4,Fourth,Q4,Fall,2020-10-18,20201018,4,42,2020,2020/10,2020/Oct,2020/Q4
292,2020-10-19,20201019,Monday,Mon,19,2,293,NoHoliday,False,True,False,Oct,False,October,10,4,Fourth,Q4,Fall,2020-10-17,20201017,4,42,2020,2020/10,2020/Oct,2020/Q4
293,2020-10-20,20201020,Tuesday,Tue,20,3,294,NoHoliday,False,True,False,Oct,False,October,10,4,Fourth,Q4,Fall,2020-10-17,20201017,4,42,2020,2020/10,2020/Oct,2020/Q4
294,2020-10-21,20201021,Wednesday,Wed,21,4,295,NoHoliday,False,True,False,Oct,False,October,10,4,Fourth,Q4,Fall,2020-10-17,20201017,4,42,2020,2020/10,2020/Oct,2020/Q4
295,2020-10-22,20201022,Thursday,Thu,22,5,296,NoHoliday,False,True,False,Oct,False,October,10,4,Fourth,Q4,Fall,2020-10-17,20201017,4,42,2020,2020/10,2020/Oct,2020/Q4
296,2020-10-23,20201023,Friday,Fri,23,6,297,NoHoliday,False,True,False,Oct,False,October,10,4,Fourth,Q4,Fall,2020-10-17,20201017,4,42,2020,2020/10,2020/Oct,2020/Q4
297,2020-10-24,20201024,Saturday,Sat,24,7,298,NoHoliday,False,False,True,Oct,False,October,10,4,Fourth,Q4,Fall,2020-10-17,20201017,4,42,2020,2020/10,2020/Oct,2020/Q4
298,2020-10-25,20201025,Sunday,Sun,25,1,299,NoHoliday,False,False,True,Oct,False,October,10,4,Fourth,Q4,Fall,2020-10-25,20201025,5,43,2020,2020/10,2020/Oct,2020/Q4
299,2020-10-26,20201026,Monday,Mon,26,2,300,NoHoliday,False,True,False,Oct,False,October,10,4,Fourth,Q4,Fall,2020-10-24,20201024,5,43,2020,2020/10,2020/Oct,2020/Q4
300,2020-10-27,20201027,Tuesday,Tue,27,3,301,NoHoliday,False,True,False,Oct,False,October,10,4,Fourth,Q4,Fall,2020-10-24,20201024,5,43,2020,2020/10,2020/Oct,2020/Q4
301,2020-10-28,20201028,Wednesday,Wed,28,4,302,NoHoliday,False,True,False,Oct,False,October,10,4,Fourth,Q4,Fall,2020-10-24,20201024,5,43,2020,2020/10,2020/Oct,2020/Q4
302,2020-10-29,20201029,Thursday,Thu,29,5,303,NoHoliday,False,True,False,Oct,False,October,10,4,Fourth,Q4,Fall,2020-10-24,20201024,5,43,2020,2020/10,2020/Oct,2020/Q4
303,2020-10-30,20201030,Friday,Fri,30,6,304,NoHoliday,False,True,False,Oct,False,October,10,4,Fourth,Q4,Fall,2020-10-24,20201024,5,43,2020,2020/10,2020/Oct,2020/Q4
304,2020-10-31,20201031,Saturday,Sat,31,7,305,NoHoliday,False,False,True,Oct,True,October,10,4,Fourth,Q4,Fall,2020-10-24,20201024,5,43,2020,2020/10,2020/Oct,2020/Q4
305,2020-11-01,20201101,Sunday,Sun,1,1,306,NoHoliday,False,False,True,Nov,False,November,11,4,Fourth,Q4,Fall,2020-11-01,20201101,1,44,2020,2020/11,2020/Nov,2020/Q4
306,2020-11-02,20201102,Monday,Mon,2,2,307,NoHoliday,False,True,False,Nov,False,November,11,4,Fourth,Q4,Fall,2020-10-31,20201031,1,44,2020,2020/11,2020/Nov,2020/Q4
307,2020-11-03,20201103,Tuesday,Tue,3,3,308,NoHoliday,False,True,False,Nov,False,November,11,4,Fourth,Q4,Fall,2020-10-31,20201031,1,44,2020,2020/11,2020/Nov,2020/Q4
308,2020-11-04,20201104,Wednesday,Wed,4,4,309,NoHoliday,False,True,False,Nov,False,November,11,4,Fourth,Q4,Fall,2020-10-31,20201031,1,44,2020,2020/11,2020/Nov,2020/Q4
309,2020-11-05,20201105,Thursday,Thu,5,5,310,NoHoliday,False,True,False,Nov,False,November,11,4,Fourth,Q4,Fall,2020-10-31,20201031,1,44,2020,2020/11,2020/Nov,2020/Q4
310,2020-11-06,20201106,Friday,Fri,6,6,311,NoHoliday,False,True,False,Nov,False,November,11,4,Fourth,Q4,Fall,2020-10-31,20201031,1,44,2020,2020/11,2020/Nov,2020/Q4
311,2020-11-07,20201107,Saturday,Sat,7,7,312,NoHoliday,False,False,True,Nov,False,November,11,4,Fourth,Q4,Fall,2020-10-31,20201031,1,44,2020,2020/11,2020/Nov,2020/Q4
312,2020-11-08,20201108,Sunday,Sun,8,1,313,NoHoliday,False,False,True,Nov,False,November,11,4,Fourth,Q4,Fall,2020-11-08,20201108,2,45,2020,2020/11,2020/Nov,2020/Q4
313,2020-11-09,20201109,Monday,Mon,9,2,314,NoHoliday,False,True,False,Nov,False,November,11,4,Fourth,Q4,Fall,2020-11-07,20201107,2,45,2020,2020/11,2020/Nov,2020/Q4
314,2020-11-10,20201110,Tuesday,Tue,10,3,315,NoHoliday,False,True,False,Nov,False,November,11,4,Fourth,Q4,Fall,2020-11-07,20201107,2,45,2020,2020/11,2020/Nov,2020/Q4
315,2020-11-11,20201111,Wednesday,Wed,11,4,316,NoHoliday,False,True,False,Nov,False,November,11,4,Fourth,Q4,Fall,2020-11-07,20201107,2,45,2020,2020/11,2020/Nov,2020/Q4
316,2020-11-12,20201112,Thursday,Thu,12,5,317,NoHoliday,False,True,False,Nov,False,November,11,4,Fourth,Q4,Fall,2020-11-07,20201107,2,45,2020,2020/11,2020/Nov,2020/Q4
317,2020-11-13,20201113,Friday,Fri,13,6,318,NoHoliday,False,True,False,Nov,False,November,11,4,Fourth,Q4,Fall,2020-11-07,20201107,2,45,2020,2020/11,2020/Nov,2020/Q4
318,2020-11-14,20201114,Saturday,Sat,14,7,319,NoHoliday,False,False,True,Nov,False,November,11,4,Fourth,Q4,Fall,2020-11-07,20201107,2,45,2020,2020/11,2020/Nov,2020/Q4
319,2020-11-15,20201115,Sunday,Sun,15,1,320,NoHoliday,False,False,True,Nov,False,November,11,4,Fourth,Q4,Fall,2020-11-15,20201115,3,46,2020,2020/11,2020/Nov,2020/Q4
320,2020-11-16,20201116,Monday,Mon,16,2,321,NoHoliday,False,True,False,Nov,False,November,11,4,Fourth,Q4,Fall,2020-11-14,20201114,3,46,2020,2020/11,2020/Nov,2020/Q4
321,2020-11-17,20201117,Tuesday,Tue,17,3,322,NoHoliday,False,True,False,Nov,False,November,11,4,Fourth,Q4,Fall,2020-11-14,20201114,3,46,2020,2020/11,2020/Nov,2020/Q4
322,2020-11-18,20201118,Wednesday,Wed,18,4,323,NoHoliday,False,True,False,Nov,False,November,11,4,Fourth,Q4,Fall,2020-11-14,20201114,3,46,2020,2020/11,2020/Nov,2020/Q4
323,2020-11-19,20201119,Thursday,Thu,19,5,324,NoHoliday,False,True,False,Nov,False,November,11,4,Fourth,Q4,Fall,2020-11-14,20201114,3,46,2020,2020/11,2020/Nov,2020/Q4
324,2020-11-20,20201120,Friday,Fri,20,6,325,NoHoliday,False,True,False,Nov,False,November,11,4,Fourth,Q4,Fall,2020-11-14,20201114,3,46,2020,2020/11,2020/Nov,2020/Q4
325,2020-11-21,20201121,Saturday,Sat,21,7,326,NoHoliday,False,False,True,Nov,False,November,11,4,Fourth,Q4,Fall,2020-11-14,20201114,3,46,2020,2020/11,2020/Nov,2020/Q4
326,2020-11-22,20201122,Sunday,Sun,22,1,327,NoHoliday,False,False,True,Nov,False,November,11,4,Fourth,Q4,Fall,2020-11-22,20201122,4,47,2020,2020/11,2020/Nov,2020/Q4
327,2020-11-23,20201123,Monday,Mon,23,2,328,NoHoliday,False,True,False,Nov,False,November,11,4,Fourth,Q4,Fall,2020-11-21,20201121,4,47,2020,2020/11,2020/Nov,2020/Q4
328,2020-11-24,20201124,Tuesday,Tue,24,3,329,NoHoliday,False,True,False,Nov,False,November,11,4,Fourth,Q4,Fall,2020-11-21,20201121,4,47,2020,2020/11,2020/Nov,2020/Q4
329,2020-11-25,20201125,Wednesday,Wed,25,4,330,NoHoliday,False,True,False,Nov,False,November,11,4,Fourth,Q4,Fall,2020-11-21,20201121,4,47,2020,2020/11,2020/Nov,2020/Q4
330,2020-11-26,20201126,Thursday,Thu,26,5,331,NoHoliday,False,True,False,Nov,False,November,11,4,Fourth,Q4,Fall,2020-11-21,20201121,4,47,2020,2020/11,2020/Nov,2020/Q4
331,2020-11-27,20201127,Friday,Fri,27,6,332,NoHoliday,False,True,False,Nov,False,November,11,4,Fourth,Q4,Fall,2020-11-21,20201121,4,47,2020,2020/11,2020/Nov,2020/Q4
332,2020-11-28,20201128,Saturday,Sat,28,7,333,NoHoliday,False,False,True,Nov,False,November,11,4,Fourth,Q4,Fall,2020-11-21,20201121,4,47,2020,2020/11,2020/Nov,2020/Q4
333,2020-11-29,20201129,Sunday,Sun,29,1,334,NoHoliday,False,False,True,Nov,False,November,11,4,Fourth,Q4,Fall,2020-11-29,20201129,5,48,2020,2020/11,2020/Nov,2020/Q4
334,2020-11-30,20201130,Monday,Mon,30,2,335,NoHoliday,False,True,False,Nov,True,November,11,4,Fourth,Q4,Fall,2020-11-28,20201128,5,48,2020,2020/11,2020/Nov,2020/Q4
335,2020-12-01,20201201,Tuesday,Tue,1,3,336,NoHoliday,False,True,False,Dec,False,December,12,4,Fourth,Q4,Fall,2020-11-28,20201128,1,48,2020,2020/12,2020/Dec,2020/Q4
336,2020-12-02,20201202,Wednesday,Wed,2,4,337,NoHoliday,False,True,False,Dec,False,December,12,4,Fourth,Q4,Fall,2020-11-28,20201128,1,48,2020,2020/12,2020/Dec,2020/Q4
337,2020-12-03,20201203,Thursday,Thu,3,5,338,NoHoliday,False,True,False,Dec,False,December,12,4,Fourth,Q4,Fall,2020-11-28,20201128,1,48,2020,2020/12,2020/Dec,2020/Q4
338,2020-12-04,20201204,Friday,Fri,4,6,339,NoHoliday,False,True,False,Dec,False,December,12,4,Fourth,Q4,Fall,2020-11-28,20201128,1,48,2020,2020/12,2020/Dec,2020/Q4
339,2020-12-05,20201205,Saturday,Sat,5,7,340,NoHoliday,False,False,True,Dec,False,December,12,4,Fourth,Q4,Fall,2020-11-28,20201128,1,48,2020,2020/12,2020/Dec,2020/Q4
340,2020-12-06,20201206,Sunday,Sun,6,1,341,NoHoliday,False,False,True,Dec,False,December,12,4,Fourth,Q4,Fall,2020-12-06,20201206,2,49,2020,2020/12,2020/Dec,2020/Q4
341,2020-12-07,20201207,Monday,Mon,7,2,342,NoHoliday,False,True,False,Dec,False,December,12,4,Fourth,Q4,Fall,2020-12-05,20201205,2,49,2020,2020/12,2020/Dec,2020/Q4
342,2020-12-08,20201208,Tuesday,Tue,8,3,343,NoHoliday,False,True,False,Dec,False,December,12,4,Fourth,Q4,Fall,2020-12-05,20201205,2,49,2020,2020/12,2020/Dec,2020/Q4
343,2020-12-09,20201209,Wednesday,Wed,9,4,344,NoHoliday,False,True,False,Dec,False,December,12,4,Fourth,Q4,Fall,2020-12-05,20201205,2,49,2020,2020/12,2020/Dec,2020/Q4
344,2020-12-10,20201210,Thursday,Thu,10,5,345,NoHoliday,False,True,False,Dec,False,December,12,4,Fourth,Q4,Fall,2020-12-05,20201205,2,49,2020,2020/12,2020/Dec,2020/Q4
345,2020-12-11,20201211,Friday,Fri,11,6,346,NoHoliday,False,True,False,Dec,False,December,12,4,Fourth,Q4,Fall,2020-12-05,20201205,2,49,2020,2020/12,2020/Dec,2020/Q4
346,2020-12-12,20201212,Saturday,Sat,12,7,347,NoHoliday,False,False,True,Dec,False,December,12,4,Fourth,Q4,Fall,2020-12-05,20201205,2,49,2020,2020/12,2020/Dec,2020/Q4
347,2020-12-13,20201213,Sunday,Sun,13,1,348,NoHoliday,False,False,True,Dec,False,December,12,4,Fourth,Q4,Fall,2020-12-13,20201213,3,50,2020,2020/12,2020/Dec,2020/Q4
348,2020-12-14,20201214,Monday,Mon,14,2,349,NoHoliday,False,True,False,Dec,False,December,12,4,Fourth,Q4,Fall,2020-12-12,20201212,3,50,2020,2020/12,2020/Dec,2020/Q4
349,2020-12-15,20201215,Tuesday,Tue,15,3,350,NoHoliday,False,True,False,Dec,False,December,12,4,Fourth,Q4,Fall,2020-12-12,20201212,3,50,2020,2020/12,2020/Dec,2020/Q4
350,2020-12-16,20201216,Wednesday,Wed,16,4,351,NoHoliday,False,True,False,Dec,False,December,12,4,Fourth,Q4,Fall,2020-12-12,20201212,3,50,2020,2020/12,2020/Dec,2020/Q4
351,2020-12-17,20201217,Thursday,Thu,17,5,352,NoHoliday,False,True,False,Dec,False,December,12,4,Fourth,Q4,Fall,2020-12-12,20201212,3,50,2020,2020/12,2020/Dec,2020/Q4
352,2020-12-18,20201218,Friday,Fri,18,6,353,NoHoliday,False,True,False,Dec,False,December,12,4,Fourth,Q4,Fall,2020-12-12,20201212,3,50,2020,2020/12,2020/Dec,2020/Q4
353,2020-12-19,20201219,Saturday,Sat,19,7,354,NoHoliday,False,False,True,Dec,False,December,12,4,Fourth,Q4,Fall,2020-12-12,20201212,3,50,2020,2020/12,2020/Dec,2020/Q4
354,2020-12-20,20201220,Sunday,Sun,20,1,355,NoHoliday,False,False,True,Dec,False,December,12,4,Fourth,Q4,Winter,2020-12-20,20201220,4,51,2020,2020/12,2020/Dec,2020/Q4
355,2020-12-21,20201221,Monday,Mon,21,2,356,NoHoliday,False,True,False,Dec,False,December,12,4,Fourth,Q4,Winter,2020-12-19,20201219,4,51,2020,2020/12,2020/Dec,2020/Q4
356,2020-12-22,20201222,Tuesday,Tue,22,3,357,NoHoliday,False,True,False,Dec,False,December,12,4,Fourth,Q4,Winter,2020-12-19,20201219,4,51,2020,2020/12,2020/Dec,2020/Q4
357,2020-12-23,20201223,Wednesday,Wed,23,4,358,NoHoliday,False,True,False,Dec,False,December,12,4,Fourth,Q4,Winter,2020-12-19,20201219,4,51,2020,2020/12,2020/Dec,2020/Q4
358,2020-12-24,20201224,Thursday,Thu,24,5,359,NoHoliday,False,True,False,Dec,False,December,12,4,Fourth,Q4,Winter,2020-12-19,20201219,4,51,2020,2020/12,2020/Dec,2020/Q4
359,2020-12-25,20201225,Friday,Fri,25,6,360,Christmas Day,True,True,False,Dec,False,December,12,4,Fourth,Q4,Winter,2020-12-19,20201219,4,51,2020,2020/12,2020/Dec,2020/Q4
360,2020-12-26,20201226,Saturday,Sat,26,7,361,NoHoliday,False,False,True,Dec,False,December,12,4,Fourth,Q4,Winter,2020-12-19,20201219,4,51,2020,2020/12,2020/Dec,2020/Q4
361,2020-12-27,20201227,Sunday,Sun,27,1,362,NoHoliday,False,False,True,Dec,False,December,12,4,Fourth,Q4,Winter,2020-12-27,20201227,5,52,2020,2020/12,2020/Dec,2020/Q4
362,2020-12-28,20201228,Monday,Mon,28,2,363,Boxing Day (Observed),True,True,False,Dec,False,December,12,4,Fourth,Q4,Winter,2020-12-26,20201226,5,52,2020,2020/12,2020/Dec,2020/Q4
363,2020-12-29,20201229,Tuesday,Tue,29,3,364,NoHoliday,False,True,False,Dec,False,December,12,4,Fourth,Q4,Winter,2020-12-26,20201226,5,52,2020,2020/12,2020/Dec,2020/Q4
364,2020-12-30,20201230,Wednesday,Wed,30,4,365,NoHoliday,False,True,False,Dec,False,December,12,4,Fourth,Q4,Winter,2020-12-26,20201226,5,52,2020,2020/12,2020/Dec,2020/Q4
365,2020-12-31,20201231,Thursday,Thu,31,5,366,NoHoliday,False,True,False,Dec,True,December,12,4,Fourth,Q4,Winter,2020-12-26,20201226,5,52,2020,2020/12,2020/Dec,2020/Q4
366,2021-01-01,20210101,Friday,Fri,1,6,1,New Year's Day,True,True,False,Jan,False,January,1,1,First,Q1,Winter,2020-12-26,20201226,1,1,2021,2021/01,2021/Jan,2021/Q1
367,2021-01-02,20210102,Saturday,Sat,2,7,2,NoHoliday,False,False,True,Jan,False,January,1,1,First,Q1,Winter,2020-12-26,20201226,1,1,2021,2021/01,2021/Jan,2021/Q1
368,2021-01-03,20210103,Sunday,Sun,3,1,3,NoHoliday,False,False,True,Jan,False,January,1,1,First,Q1,Winter,2021-01-03,20210103,2,1,2021,2021/01,2021/Jan,2021/Q1
369,2021-01-04,20210104,Monday,Mon,4,2,4,NoHoliday,False,True,False,Jan,False,January,1,1,First,Q1,Winter,2021-01-02,20210102,2,1,2021,2021/01,2021/Jan,2021/Q1
370,2021-01-05,20210105,Tuesday,Tue,5,3,5,NoHoliday,False,True,False,Jan,False,January,1,1,First,Q1,Winter,2021-01-02,20210102,2,1,2021,2021/01,2021/Jan,2021/Q1
371,2021-01-06,20210106,Wednesday,Wed,6,4,6,NoHoliday,False,True,False,Jan,False,January,1,1,First,Q1,Winter,2021-01-02,20210102,2,1,2021,2021/01,2021/Jan,2021/Q1
372,2021-01-07,20210107,Thursday,Thu,7,5,7,NoHoliday,False,True,False,Jan,False,January,1,1,First,Q1,Winter,2021-01-02,20210102,2,1,2021,2021/01,2021/Jan,2021/Q1
373,2021-01-08,20210108,Friday,Fri,8,6,8,NoHoliday,False,True,False,Jan,False,January,1,1,First,Q1,Winter,2021-01-02,20210102,2,1,2021,2021/01,2021/Jan,2021/Q1
374,2021-01-09,20210109,Saturday,Sat,9,7,9,NoHoliday,False,False,True,Jan,False,January,1,1,First,Q1,Winter,2021-01-02,20210102,2,1,2021,2021/01,2021/Jan,2021/Q1
375,2021-01-10,20210110,Sunday,Sun,10,1,10,NoHoliday,False,False,True,Jan,False,January,1,1,First,Q1,Winter,2021-01-10,20210110,3,2,2021,2021/01,2021/Jan,2021/Q1
376,2021-01-11,20210111,Monday,Mon,11,2,11,NoHoliday,False,True,False,Jan,False,January,1,1,First,Q1,Winter,2021-01-09,20210109,3,2,2021,2021/01,2021/Jan,2021/Q1
377,2021-01-12,20210112,Tuesday,Tue,12,3,12,NoHoliday,False,True,False,Jan,False,January,1,1,First,Q1,Winter,2021-01-09,20210109,3,2,2021,2021/01,2021/Jan,2021/Q1
378,2021-01-13,20210113,Wednesday,Wed,13,4,13,NoHoliday,False,True,False,Jan,False,January,1,1,First,Q1,Winter,2021-01-09,20210109,3,2,2021,2021/01,2021/Jan,2021/Q1
379,2021-01-14,20210114,Thursday,Thu,14,5,14,NoHoliday,False,True,False,Jan,False,January,1,1,First,Q1,Winter,2021-01-09,20210109,3,2,2021,2021/01,2021/Jan,2021/Q1
380,2021-01-15,20210115,Friday,Fri,15,6,15,NoHoliday,False,True,False,Jan,False,January,1,1,First,Q1,Winter,2021-01-09,20210109,3,2,2021,2021/01,2021/Jan,2021/Q1
381,2021-01-16,20210116,Saturday,Sat,16,7,16,NoHoliday,False,False,True,Jan,False,January,1,1,First,Q1,Winter,2021-01-09,20210109,3,2,2021,2021/01,2021/Jan,2021/Q1
382,2021-01-17,20210117,Sunday,Sun,17,1,17,NoHoliday,False,False,True,Jan,False,January,1,1,First,Q1,Winter,2021-01-17,20210117,4,3,2021,2021/01,2021/Jan,2021/Q1
383,2021-01-18,20210118,Monday,Mon,18,2,18,NoHoliday,False,True,False,Jan,False,January,1,1,First,Q1,Winter,2021-01-16,20210116,4,3,2021,2021/01,2021/Jan,2021/Q1
384,2021-01-19,20210119,Tuesday,Tue,19,3,19,NoHoliday,False,True,False,Jan,False,January,1,1,First,Q1,Winter,2021-01-16,20210116,4,3,2021,2021/01,2021/Jan,2021/Q1
385,2021-01-20,20210120,Wednesday,Wed,20,4,20,NoHoliday,False,True,False,Jan,False,January,1,1,First,Q1,Winter,2021-01-16,20210116,4,3,2021,2021/01,2021/Jan,2021/Q1
386,2021-01-21,20210121,Thursday,Thu,21,5,21,NoHoliday,False,True,False,Jan,False,January,1,1,First,Q1,Winter,2021-01-16,20210116,4,3,2021,2021/01,2021/Jan,2021/Q1
387,2021-01-22,20210122,Friday,Fri,22,6,22,NoHoliday,False,True,False,Jan,False,January,1,1,First,Q1,Winter,2021-01-16,20210116,4,3,2021,2021/01,2021/Jan,2021/Q1
388,2021-01-23,20210123,Saturday,Sat,23,7,23,NoHoliday,False,False,True,Jan,False,January,1,1,First,Q1,Winter,2021-01-16,20210116,4,3,2021,2021/01,2021/Jan,2021/Q1
389,2021-01-24,20210124,Sunday,Sun,24,1,24,NoHoliday,False,False,True,Jan,False,January,1,1,First,Q1,Winter,2021-01-24,20210124,5,4,2021,2021/01,2021/Jan,2021/Q1
390,2021-01-25,20210125,Monday,Mon,25,2,25,NoHoliday,False,True,False,Jan,False,January,1,1,First,Q1,Winter,2021-01-23,20210123,5,4,2021,2021/01,2021/Jan,2021/Q1
391,2021-01-26,20210126,Tuesday,Tue,26,3,26,NoHoliday,False,True,False,Jan,False,January,1,1,First,Q1,Winter,2021-01-23,20210123,5,4,2021,2021/01,2021/Jan,2021/Q1
392,2021-01-27,20210127,Wednesday,Wed,27,4,27,NoHoliday,False,True,False,Jan,False,January,1,1,First,Q1,Winter,2021-01-23,20210123,5,4,2021,2021/01,2021/Jan,2021/Q1
393,2021-01-28,20210128,Thursday,Thu,28,5,28,NoHoliday,False,True,False,Jan,False,January,1,1,First,Q1,Winter,2021-01-23,20210123,5,4,2021,2021/01,2021/Jan,2021/Q1
394,2021-01-29,20210129,Friday,Fri,29,6,29,NoHoliday,False,True,False,Jan,False,January,1,1,First,Q1,Winter,2021-01-23,20210123,5,4,2021,2021/01,2021/Jan,2021/Q1
395,2021-01-30,20210130,Saturday,Sat,30,7,30,NoHoliday,False,False,True,Jan,False,January,1,1,First,Q1,Winter,2021-01-23,20210123,5,4,2021,2021/01,2021/Jan,2021/Q1
396,2021-01-31,20210131,Sunday,Sun,31,1,31,NoHoliday,False,False,True,Jan,True,January,1,1,First,Q1,Winter,2021-01-31,20210131,6,5,2021,2021/01,2021/Jan,2021/Q1
397,2021-02-01,20210201,Monday,Mon,1,2,32,NoHoliday,False,True,False,Feb,False,February,2,1,First,Q1,Winter,2021-01-30,20210130,1,5,2021,2021/02,2021/Feb,2021/Q1
398,2021-02-02,20210202,Tuesday,Tue,2,3,33,NoHoliday,False,True,False,Feb,False,February,2,1,First,Q1,Winter,2021-01-30,20210130,1,5,2021,2021/02,2021/Feb,2021/Q1
399,2021-02-03,20210203,Wednesday,Wed,3,4,34,NoHoliday,False,True,False,Feb,False,February,2,1,First,Q1,Winter,2021-01-30,20210130,1,5,2021,2021/02,2021/Feb,2021/Q1
400,2021-02-04,20210204,Thursday,Thu,4,5,35,NoHoliday,False,True,False,Feb,False,February,2,1,First,Q1,Winter,2021-01-30,20210130,1,5,2021,2021/02,2021/Feb,2021/Q1
401,2021-02-05,20210205,Friday,Fri,5,6,36,NoHoliday,False,True,False,Feb,False,February,2,1,First,Q1,Winter,2021-01-30,20210130,1,5,2021,2021/02,2021/Feb,2021/Q1
402,2021-02-06,20210206,Saturday,Sat,6,7,37,NoHoliday,False,False,True,Feb,False,February,2,1,First,Q1,Winter,2021-01-30,20210130,1,5,2021,2021/02,2021/Feb,2021/Q1
403,2021-02-07,20210207,Sunday,Sun,7,1,38,NoHoliday,False,False,True,Feb,False,February,2,1,First,Q1,Winter,2021-02-07,20210207,2,6,2021,2021/02,2021/Feb,2021/Q1
404,2021-02-08,20210208,Monday,Mon,8,2,39,NoHoliday,False,True,False,Feb,False,February,2,1,First,Q1,Winter,2021-02-06,20210206,2,6,2021,2021/02,2021/Feb,2021/Q1
405,2021-02-09,20210209,Tuesday,Tue,9,3,40,NoHoliday,False,True,False,Feb,False,February,2,1,First,Q1,Winter,2021-02-06,20210206,2,6,2021,2021/02,2021/Feb,2021/Q1
406,2021-02-10,20210210,Wednesday,Wed,10,4,41,NoHoliday,False,True,False,Feb,False,February,2,1,First,Q1,Winter,2021-02-06,20210206,2,6,2021,2021/02,2021/Feb,2021/Q1
407,2021-02-11,20210211,Thursday,Thu,11,5,42,NoHoliday,False,True,False,Feb,False,February,2,1,First,Q1,Winter,2021-02-06,20210206,2,6,2021,2021/02,2021/Feb,2021/Q1
408,2021-02-12,20210212,Friday,Fri,12,6,43,NoHoliday,False,True,False,Feb,False,February,2,1,First,Q1,Winter,2021-02-06,20210206,2,6,2021,2021/02,2021/Feb,2021/Q1
409,2021-02-13,20210213,Saturday,Sat,13,7,44,NoHoliday,False,False,True,Feb,False,February,2,1,First,Q1,Winter,2021-02-06,20210206,2,6,2021,2021/02,2021/Feb,2021/Q1
410,2021-02-14,20210214,Sunday,Sun,14,1,45,NoHoliday,False,False,True,Feb,False,February,2,1,First,Q1,Winter,2021-02-14,20210214,3,7,2021,2021/02,2021/Feb,2021/Q1
411,2021-02-15,20210215,Monday,Mon,15,2,46,Family Day,True,True,False,Feb,False,February,2,1,First,Q1,Winter,2021-02-13,20210213,3,7,2021,2021/02,2021/Feb,2021/Q1
412,2021-02-16,20210216,Tuesday,Tue,16,3,47,NoHoliday,False,True,False,Feb,False,February,2,1,First,Q1,Winter,2021-02-13,20210213,3,7,2021,2021/02,2021/Feb,2021/Q1
413,2021-02-17,20210217,Wednesday,Wed,17,4,48,NoHoliday,False,True,False,Feb,False,February,2,1,First,Q1,Winter,2021-02-13,20210213,3,7,2021,2021/02,2021/Feb,2021/Q1
414,2021-02-18,20210218,Thursday,Thu,18,5,49,NoHoliday,False,True,False,Feb,False,February,2,1,First,Q1,Winter,2021-02-13,20210213,3,7,2021,2021/02,2021/Feb,2021/Q1
415,2021-02-19,20210219,Friday,Fri,19,6,50,NoHoliday,False,True,False,Feb,False,February,2,1,First,Q1,Winter,2021-02-13,20210213,3,7,2021,2021/02,2021/Feb,2021/Q1
416,2021-02-20,20210220,Saturday,Sat,20,7,51,NoHoliday,False,False,True,Feb,False,February,2,1,First,Q1,Winter,2021-02-13,20210213,3,7,2021,2021/02,2021/Feb,2021/Q1
417,2021-02-21,20210221,Sunday,Sun,21,1,52,NoHoliday,False,False,True,Feb,False,February,2,1,First,Q1,Winter,2021-02-21,20210221,4,8,2021,2021/02,2021/Feb,2021/Q1
418,2021-02-22,20210222,Monday,Mon,22,2,53,NoHoliday,False,True,False,Feb,False,February,2,1,First,Q1,Winter,2021-02-20,20210220,4,8,2021,2021/02,2021/Feb,2021/Q1
