mobility_key,province,subregion,retail_and_recreation,grocery_and_pharmacy,parks,transit_stations,workplaces,residential,date
0,Ontario,Ottawa Division,-28,-6,-4,-64,-53,18,10/6/2020
1,Ontario,Ottawa Division,-32,-9,-26,-68,-53,19,10/7/2020
2,Ontario,Ottawa Division,-24,3,5,-61,-52,18,10/8/2020
3,Ontario,Ottawa Division,-29,0,19,-57,-50,17,10/9/2020
4,Ontario,Ottawa Division,-29,1,89,-49,-4,6,10/10/2020
5,Ontario,Ottawa Division,-27,4,96,-51,0,3,10/11/2020
6,Ontario,Ottawa Division,-70,-62,42,-81,-84,24,10/12/2020
7,Ontario,Ottawa Division,-34,-7,-28,-65,-55,20,10/13/2020
8,Ontario,Ottawa Division,-31,-6,23,-63,-53,19,10/14/2020
9,Ontario,Ottawa Division,-33,-9,-25,-64,-54,21,10/15/2020
10,Ontario,Ottawa Division,-35,-8,-3,-61,-50,20,10/16/2020
11,Ontario,Ottawa Division,-25,-2,107,-46,-7,6,10/17/2020
12,Ontario,Ottawa Division,-25,-1,55,-52,-6,6,10/18/2020
13,Ontario,Ottawa Division,-34,-12,-19,-66,-57,20,10/19/2020
14,Ontario,Ottawa Division,-31,-7,0,-63,-54,19,10/20/2020
15,Ontario,Ottawa Division,-36,-13,-25,-67,-54,21,10/21/2020
16,Ontario,Ottawa Division,-30,-4,0,-61,-53,19,10/22/2020
17,Ontario,Ottawa Division,-30,-8,76,-56,-48,17,10/23/2020
18,Ontario,Ottawa Division,-27,-1,38,-49,-8,7,10/24/2020
19,Ontario,Ottawa Division,-23,1,60,-51,-4,5,10/25/2020
20,Ontario,Ottawa Division,-35,-13,-31,-66,-56,20,10/26/2020
21,Ontario,Ottawa Division,-31,-5,-15,-63,-53,19,10/27/2020
22,Ontario,Ottawa Division,-31,-6,-9,-63,-52,19,10/28/2020
23,Ontario,Ottawa Division,-28,-2,-21,-63,-52,19,10/29/2020
24,Ontario,Ottawa Division,-32,-3,-2,-59,-48,19,10/30/2020
25,Ontario,Ottawa Division,-26,3,51,-47,-6,6,10/31/2020
26,Ontario,Ottawa Division,-29,-3,-21,-56,-9,6,11/1/2020
27,Ontario,Ottawa Division,-35,-12,-29,-67,-55,19,11/2/2020
28,Ontario,Ottawa Division,-36,-15,-36,-66,-53,20,11/3/2020
29,Ontario,Ottawa Division,-35,-12,-14,-67,-52,20,11/4/2020
30,Ontario,Ottawa Division,-29,-7,10,-62,-51,19,11/5/2020
31,Ontario,Ottawa Division,-33,-11,21,-59,-48,19,11/6/2020
32,Ontario,Ottawa Division,-20,-3,114,-47,-2,5,11/7/2020
33,Ontario,Ottawa Division,-15,1,143,-49,2,3,11/8/2020
34,Ontario,Ottawa Division,-27,-8,34,-64,-53,18,11/9/2020
35,Ontario,Ottawa Division,-25,-6,20,-60,-50,18,11/10/2020
36,Ontario,Ottawa Division,-26,-9,-2,-65,-56,20,11/11/2020
37,Ontario,Ottawa Division,-26,-3,-14,-62,-50,19,11/12/2020
38,Ontario,Ottawa Division,-30,-10,-12,-60,-48,20,11/13/2020
39,Ontario,Ottawa Division,-20,-1,37,-48,-4,6,11/14/2020
40,Ontario,Ottawa Division,-26,-8,-30,-56,-6,7,11/15/2020
41,Ontario,Ottawa Division,-31,-12,-24,-66,-54,19,11/16/2020
42,Ontario,Ottawa Division,-31,-12,-31,-65,-50,20,11/17/2020
43,Ontario,Ottawa Division,-32,-12,-30,-67,-51,20,11/18/2020
44,Ontario,Ottawa Division,-27,-6,-18,-64,-50,19,11/19/2020
45,Ontario,Ottawa Division,-29,-8,9,-61,-47,19,11/20/2020
46,Ontario,Ottawa Division,-19,1,24,-53,-3,7,11/21/2020
47,Ontario,Ottawa Division,-22,-1,-9,-57,-4,7,11/22/2020
48,Ontario,Ottawa Division,-33,-18,-26,-66,-54,20,11/23/2020
49,Ontario,Ottawa Division,-29,-10,-33,-66,-50,19,11/24/2020
50,Ontario,Ottawa Division,-39,-22,-36,-68,-52,21,11/25/2020
51,Ontario,Ottawa Division,-25,-5,-37,-65,-50,20,11/26/2020
52,Ontario,Ottawa Division,-25,-5,-21,-59,-46,19,11/27/2020
53,Ontario,Ottawa Division,-16,4,7,-48,-1,7,11/28/2020
54,Ontario,Ottawa Division,-14,6,40,-51,1,5,11/29/2020
55,Ontario,Ottawa Division,-28,-11,-38,-67,-53,19,11/30/2020
56,Ontario,Ottawa Division,-28,-4,-39,-66,-50,19,12/1/2020
57,Ontario,Ottawa Division,-31,-8,-31,-68,-50,20,12/2/2020
58,Ontario,Ottawa Division,-26,-2,-29,-64,-49,19,12/3/2020
59,Ontario,Ottawa Division,-32,-9,-28,-63,-46,20,12/4/2020
60,Ontario,Ottawa Division,-20,2,-6,-53,-3,7,12/5/2020
61,Ontario,Ottawa Division,-19,3,10,-57,0,6,12/6/2020
62,Ontario,Ottawa Division,-28,-7,-21,-67,-53,19,12/7/2020
63,Ontario,Ottawa Division,-29,-8,-31,-67,-49,19,12/8/2020
64,Ontario,Ottawa Division,-34,-11,-28,-68,-50,20,12/9/2020
65,Ontario,Ottawa Division,-25,0,-29,-64,-49,19,12/10/2020
66,Ontario,Ottawa Division,-27,-1,-14,-62,-45,19,12/11/2020
67,Ontario,Ottawa Division,-27,-3,-25,-55,-6,9,12/12/2020
68,Ontario,Ottawa Division,-20,2,-9,-58,-1,6,12/13/2020
69,Ontario,Ottawa Division,-27,-4,-26,-68,-53,19,12/14/2020
70,Ontario,Ottawa Division,-28,-6,-43,-67,-50,19,12/15/2020
71,Ontario,Ottawa Division,-30,-8,-45,-69,-50,20,12/16/2020
72,Ontario,Ottawa Division,-22,4,-36,-65,-49,19,12/17/2020
73,Ontario,Ottawa Division,-28,-3,-24,-62,-45,19,12/18/2020
74,Ontario,Ottawa Division,-20,5,-2,-50,-2,7,12/19/2020
75,Ontario,Ottawa Division,-21,2,5,-55,2,6,12/20/2020
76,Ontario,Ottawa Division,-8,25,-14,-65,-59,18,12/21/2020
77,Ontario,Ottawa Division,-9,30,-33,-65,-57,18,12/22/2020
78,Ontario,Ottawa Division,-9,40,-31,-66,-57,18,12/23/2020
79,Ontario,Ottawa Division,-26,28,-47,-70,-67,20,12/24/2020
80,Ontario,Ottawa Division,-88,-83,-49,-87,-85,28,12/25/2020
81,Ontario,Ottawa Division,-68,-50,-23,-74,-37,13,12/26/2020
82,Ontario,Ottawa Division,-53,-26,15,-69,-19,9,12/27/2020
83,Ontario,Ottawa Division,-53,-23,-28,-81,-78,27,12/28/2020
84,Ontario,Ottawa Division,-47,-10,-30,-77,-69,25,12/29/2020
85,Ontario,Ottawa Division,-46,-3,-26,-77,-69,26,12/30/2020
86,Ontario,Ottawa Division,-38,14,-16,-76,-71,25,12/31/2020
87,Ontario,Ottawa Division,-83,-77,-7,-86,-86,33,1/1/2021
88,Ontario,Ottawa Division,-54,-23,49,-65,-26,13,1/2/2021
89,Ontario,Ottawa Division,-48,-15,29,-65,-16,10,1/3/2021
90,Ontario,Ottawa Division,-47,-15,-24,-75,-62,23,1/4/2021
91,Ontario,Ottawa Division,-49,-17,-33,-73,-61,24,1/5/2021
92,Ontario,Ottawa Division,-50,-18,-33,-75,-60,24,1/6/2021
93,Ontario,Ottawa Division,-49,-15,-36,-74,-60,25,1/7/2021
94,Ontario,Ottawa Division,-52,-20,-27,-73,-57,25,1/8/2021
95,Ontario,Ottawa Division,-50,-13,25,-67,-20,12,1/9/2021
96,Ontario,Ottawa Division,-48,-14,25,-68,-17,9,1/10/2021
97,Ontario,Ottawa Division,-51,-20,-26,-76,-62,24,1/11/2021
98,Ontario,Ottawa Division,-50,-16,-33,-75,-60,24,1/12/2021
99,Ontario,Ottawa Division,-50,-16,-43,-75,-61,24,1/13/2021
100,Ontario,Ottawa Division,-57,-26,-46,-77,-64,26,1/14/2021
101,Ontario,Ottawa Division,-56,-20,-36,-76,-61,27,1/15/2021
102,Ontario,Ottawa Division,-66,-41,-6,-72,-33,15,1/16/2021
103,Ontario,Ottawa Division,-53,-21,12,-71,-25,11,1/17/2021
104,Ontario,Ottawa Division,-55,-27,-35,-78,-65,25,1/18/2021
105,Ontario,Ottawa Division,-56,-27,-44,-77,-64,25,1/19/2021
106,Ontario,Ottawa Division,-56,-26,-44,-78,-63,26,1/20/2021
107,Ontario,Ottawa Division,-57,-30,-44,-76,-64,26,1/21/2021
108,Ontario,Ottawa Division,-54,-21,-28,-75,-60,27,1/22/2021
109,Ontario,Ottawa Division,-54,-19,-18,-72,-27,13,1/23/2021
110,Ontario,Ottawa Division,-53,-21,-14,-74,-25,11,1/24/2021
111,Ontario,Ottawa Division,-55,-28,-37,-77,-65,25,1/25/2021
112,Ontario,Ottawa Division,-56,-27,-41,-77,-63,25,1/26/2021
113,Ontario,Ottawa Division,-55,-25,-32,-76,-63,25,1/27/2021
114,Ontario,Ottawa Division,-53,-22,-47,-76,-63,26,1/28/2021
115,Ontario,Ottawa Division,-55,-23,-43,-76,-60,27,1/29/2021
116,Ontario,Ottawa Division,-51,-15,3,-71,-25,13,1/30/2021
117,Ontario,Ottawa Division,-49,-15,18,-72,-22,10,1/31/2021
118,Ontario,Ottawa Division,-51,-20,-24,-76,-60,23,2/1/2021
119,Ontario,Ottawa Division,-53,-22,-33,-75,-59,23,2/2/2021
120,Ontario,Ottawa Division,-52,-20,-22,-76,-58,23,2/3/2021
121,Ontario,Ottawa Division,-48,-15,-10,-74,-58,23,2/4/2021
122,Ontario,Ottawa Division,-55,-25,-26,-75,-55,25,2/5/2021
123,Ontario,Ottawa Division,-49,-13,38,-71,-23,12,2/6/2021
124,Ontario,Regional Municipality of Durham,-13,4,23,-54,-39,12,10/6/2020
125,Ontario,Regional Municipality of Durham,-14,3,-5,-58,-36,13,10/7/2020
126,Ontario,Regional Municipality of Durham,-11,13,20,-54,-36,12,10/8/2020
127,Ontario,Regional Municipality of Durham,-13,11,33,-47,-35,11,10/9/2020
128,Ontario,Regional Municipality of Durham,-16,9,94,-28,-3,4,10/10/2020
129,Ontario,Regional Municipality of Durham,-14,5,74,-31,-6,3,10/11/2020
130,Ontario,Regional Municipality of Durham,-58,-52,61,-75,-81,23,10/12/2020
131,Ontario,Regional Municipality of Durham,-13,5,35,-53,-39,12,10/13/2020
132,Ontario,Regional Municipality of Durham,-13,1,32,-57,-35,13,10/14/2020
133,Ontario,Regional Municipality of Durham,-18,-2,-29,-58,-37,15,10/15/2020
134,Ontario,Regional Municipality of Durham,-15,0,17,-51,-33,12,10/16/2020
135,Ontario,Regional Municipality of Durham,-11,4,101,-26,0,5,10/17/2020
136,Ontario,Regional Municipality of Durham,-13,-3,31,-31,-6,5,10/18/2020
137,Ontario,Regional Municipality of Durham,-18,-4,-14,-59,-37,14,10/19/2020
138,Ontario,Regional Municipality of Durham,-12,2,16,-55,-38,13,10/20/2020
139,Ontario,Regional Municipality of Durham,-13,0,-2,-59,-35,14,10/21/2020
140,Ontario,Regional Municipality of Durham,-14,4,5,-56,-35,14,10/22/2020
141,Ontario,Regional Municipality of Durham,-14,-3,49,-51,-32,12,10/23/2020
142,Ontario,Regional Municipality of Durham,-11,4,53,-31,-1,5,10/24/2020
143,Ontario,Regional Municipality of Durham,-8,-1,31,-30,-4,5,10/25/2020
144,Ontario,Regional Municipality of Durham,-14,0,-1,-59,-37,13,10/26/2020
145,Ontario,Regional Municipality of Durham,-16,-2,-23,-58,-37,14,10/27/2020
146,Ontario,Regional Municipality of Durham,-9,4,11,-57,-33,13,10/28/2020
147,Ontario,Regional Municipality of Durham,-12,5,-9,-55,-34,13,10/29/2020
148,Ontario,Regional Municipality of Durham,-12,3,-11,-51,-32,13,10/30/2020
149,Ontario,Regional Municipality of Durham,-10,11,45,-27,0,5,10/31/2020
150,Ontario,Regional Municipality of Durham,-16,-5,-31,-34,-8,6,11/1/2020
151,Ontario,Regional Municipality of Durham,-16,-3,-19,-59,-36,14,11/2/2020
152,Ontario,Regional Municipality of Durham,-15,-1,-15,-56,-37,14,11/3/2020
153,Ontario,Regional Municipality of Durham,-14,-3,16,-56,-33,13,11/4/2020
154,Ontario,Regional Municipality of Durham,-14,1,18,-55,-34,13,11/5/2020
155,Ontario,Regional Municipality of Durham,-15,-4,19,-54,-31,13,11/6/2020
156,Ontario,Regional Municipality of Durham,-9,2,114,-30,0,5,11/7/2020
157,Ontario,Regional Municipality of Durham,-5,-1,104,-31,-3,4,11/8/2020
158,Ontario,Regional Municipality of Durham,-13,-1,35,-61,-34,13,11/9/2020
159,Ontario,Regional Municipality of Durham,-10,0,36,-57,-36,12,11/10/2020
160,Ontario,Regional Municipality of Durham,-8,2,17,-57,-36,14,11/11/2020
161,Ontario,Regional Municipality of Durham,-11,3,10,-58,-34,13,11/12/2020
162,Ontario,Regional Municipality of Durham,-14,-3,-14,-54,-35,14,11/13/2020
163,Ontario,Regional Municipality of Durham,-11,6,50,-30,-1,6,11/14/2020
164,Ontario,Regional Municipality of Durham,-18,-11,-38,-40,-10,7,11/15/2020
165,Ontario,Regional Municipality of Durham,-15,-4,-20,-62,-36,14,11/16/2020
166,Ontario,Regional Municipality of Durham,-15,-6,-20,-59,-37,14,11/17/2020
167,Ontario,Regional Municipality of Durham,-12,-1,-22,-61,-34,14,11/18/2020
168,Ontario,Regional Municipality of Durham,-12,3,-5,-59,-34,14,11/19/2020
169,Ontario,Regional Municipality of Durham,-12,1,12,-53,-33,14,11/20/2020
170,Ontario,Regional Municipality of Durham,-8,11,13,-31,-1,6,11/21/2020
171,Ontario,Regional Municipality of Durham,-21,-12,-38,-40,-9,8,11/22/2020
172,Ontario,Regional Municipality of Durham,-16,-2,-19,-61,-36,15,11/23/2020
173,Ontario,Regional Municipality of Durham,-14,0,-23,-60,-37,15,11/24/2020
174,Ontario,Regional Municipality of Durham,-14,-3,-31,-61,-35,15,11/25/2020
175,Ontario,Regional Municipality of Durham,-10,7,-15,-57,-36,15,11/26/2020
176,Ontario,Regional Municipality of Durham,-14,1,-15,-51,-35,15,11/27/2020
177,Ontario,Regional Municipality of Durham,-9,9,41,-28,-2,7,11/28/2020
178,Ontario,Regional Municipality of Durham,-7,2,34,-34,-6,6,11/29/2020
179,Ontario,Regional Municipality of Durham,-16,-4,-39,-63,-37,16,11/30/2020
180,Ontario,Regional Municipality of Durham,-18,-1,-36,-63,-39,16,12/1/2020
181,Ontario,Regional Municipality of Durham,-13,3,-20,-62,-34,15,12/2/2020
182,Ontario,Regional Municipality of Durham,-13,6,-14,-60,-35,15,12/3/2020
183,Ontario,Regional Municipality of Durham,-22,-5,-37,-59,-34,17,12/4/2020
184,Ontario,Regional Municipality of Durham,-12,9,6,-34,-5,8,12/5/2020
185,Ontario,Regional Municipality of Durham,-11,2,5,-40,-7,7,12/6/2020
186,Ontario,Regional Municipality of Durham,-14,0,-19,-63,-36,15,12/7/2020
187,Ontario,Regional Municipality of Durham,-14,2,-20,-60,-36,15,12/8/2020
188,Ontario,Regional Municipality of Durham,-19,-5,-33,-63,-36,16,12/9/2020
189,Ontario,Regional Municipality of Durham,-11,10,-17,-60,-35,15,12/10/2020
190,Ontario,Regional Municipality of Durham,-14,3,-9,-54,-33,15,12/11/2020
191,Ontario,Regional Municipality of Durham,-15,7,-15,-32,-5,9,12/12/2020
192,Ontario,Regional Municipality of Durham,-9,5,-2,-35,-8,7,12/13/2020
193,Ontario,Regional Municipality of Durham,-10,9,-19,-61,-37,15,12/14/2020
194,Ontario,Regional Municipality of Durham,-7,9,-24,-59,-37,15,12/15/2020
195,Ontario,Regional Municipality of Durham,-9,5,-37,-61,-35,16,12/16/2020
196,Ontario,Regional Municipality of Durham,-6,20,-20,-56,-35,15,12/17/2020
197,Ontario,Regional Municipality of Durham,-11,11,-17,-53,-34,15,12/18/2020
198,Ontario,Regional Municipality of Durham,-10,15,7,-26,-3,8,12/19/2020
199,Ontario,Regional Municipality of Durham,-6,9,-13,-31,-6,7,12/20/2020
200,Ontario,Regional Municipality of Durham,7,37,-4,-55,-44,15,12/21/2020
201,Ontario,Regional Municipality of Durham,11,44,-7,-53,-47,15,12/22/2020
202,Ontario,Regional Municipality of Durham,18,60,-5,-53,-46,15,12/23/2020
203,Ontario,Regional Municipality of Durham,-7,51,-29,-62,-63,20,12/24/2020
204,Ontario,Regional Municipality of Durham,-88,-79,-44,-88,-86,29,12/25/2020
205,Ontario,Regional Municipality of Durham,-63,-48,-13,-67,-43,14,12/26/2020
206,Ontario,Regional Municipality of Durham,-46,-29,-5,-60,-26,11,12/27/2020
207,Ontario,Regional Municipality of Durham,-39,-14,-21,-78,-73,27,12/28/2020
208,Ontario,Regional Municipality of Durham,-31,-3,-2,-73,-61,23,12/29/2020
209,Ontario,Regional Municipality of Durham,-30,5,-40,-74,-59,24,12/30/2020
210,Ontario,Regional Municipality of Durham,-23,26,0,-73,-64,23,12/31/2020
211,Ontario,Regional Municipality of Durham,-77,-73,-13,-88,-85,33,1/1/2021
212,Ontario,Regional Municipality of Durham,-46,-18,24,-62,-28,14,1/2/2021
213,Ontario,Regional Municipality of Durham,-45,-23,-18,-62,-23,12,1/3/2021
214,Ontario,Regional Municipality of Durham,-38,-12,-21,-73,-46,20,1/4/2021
215,Ontario,Regional Municipality of Durham,-39,-12,-31,-72,-47,20,1/5/2021
216,Ontario,Regional Municipality of Durham,-40,-15,-32,-73,-45,20,1/6/2021
217,Ontario,Regional Municipality of Durham,-40,-9,-17,-71,-45,20,1/7/2021
218,Ontario,Regional Municipality of Durham,-42,-16,-27,-70,-44,21,1/8/2021
219,Ontario,Regional Municipality of Durham,-40,-7,37,-60,-17,12,1/9/2021
220,Ontario,Regional Municipality of Durham,-42,-17,7,-62,-19,11,1/10/2021
221,Ontario,Regional Municipality of Durham,-42,-16,-26,-73,-45,20,1/11/2021
222,Ontario,Regional Municipality of Durham,-40,-11,-32,-72,-47,20,1/12/2021
223,Ontario,Regional Municipality of Durham,-38,-7,-30,-74,-45,19,1/13/2021
224,Ontario,Regional Municipality of Durham,-50,-20,-27,-77,-49,21,1/14/2021
225,Ontario,Regional Municipality of Durham,-50,-24,-37,-77,-48,23,1/15/2021
226,Ontario,Regional Municipality of Durham,-48,-16,36,-70,-23,14,1/16/2021
227,Ontario,Regional Municipality of Durham,-48,-22,0,-72,-23,12,1/17/2021
228,Ontario,Regional Municipality of Durham,-47,-23,-25,-77,-49,20,1/18/2021
229,Ontario,Regional Municipality of Durham,-46,-20,-31,-76,-50,21,1/19/2021
230,Ontario,Regional Municipality of Durham,-45,-22,-37,-76,-48,21,1/20/2021
231,Ontario,Regional Municipality of Durham,-44,-15,-28,-75,-48,21,1/21/2021
232,Ontario,Regional Municipality of Durham,-45,-19,-37,-74,-47,22,1/22/2021
233,Ontario,Regional Municipality of Durham,-45,-12,2,-67,-21,13,1/23/2021
234,Ontario,Regional Municipality of Durham,-46,-23,-4,-68,-23,11,1/24/2021
235,Ontario,Regional Municipality of Durham,-43,-19,-10,-76,-48,20,1/25/2021
236,Ontario,Regional Municipality of Durham,-54,-33,-47,-78,-51,22,1/26/2021
237,Ontario,Regional Municipality of Durham,-43,-17,-30,-77,-47,21,1/27/2021
238,Ontario,Regional Municipality of Durham,-45,-16,-40,-78,-48,21,1/28/2021
239,Ontario,Regional Municipality of Durham,-44,-19,-44,-77,-46,22,1/29/2021
240,Ontario,Regional Municipality of Durham,-41,-9,25,-70,-18,12,1/30/2021
241,Ontario,Regional Municipality of Durham,-43,-19,-7,-73,-21,11,1/31/2021
242,Ontario,Regional Municipality of Durham,-42,-18,-25,-78,-47,20,2/1/2021
243,Ontario,Regional Municipality of Durham,-42,-19,-32,-77,-48,20,2/2/2021
244,Ontario,Regional Municipality of Durham,-41,-17,-28,-76,-45,20,2/3/2021
245,Ontario,Regional Municipality of Durham,-39,-10,1,-74,-46,20,2/4/2021
246,Ontario,Regional Municipality of Durham,-47,-24,-49,-76,-46,22,2/5/2021
247,Ontario,Regional Municipality of Durham,-43,-9,-9,-67,-17,12,2/6/2021
248,Ontario,Regional Municipality of Halton,-21,4,116,-55,-43,15,10/6/2020
249,Ontario,Regional Municipality of Halton,-19,4,63,-57,-44,17,10/7/2020
250,Ontario,Regional Municipality of Halton,-18,9,86,-55,-42,16,10/8/2020
251,Ontario,Regional Municipality of Halton,-18,13,123,-50,-41,14,10/9/2020
252,Ontario,Regional Municipality of Halton,-21,12,215,-29,-4,5,10/10/2020
253,Ontario,Regional Municipality of Halton,-22,9,126,-24,-6,3,10/11/2020
254,Ontario,Regional Municipality of Halton,-59,-54,259,-78,-85,25,10/12/2020
255,Ontario,Regional Municipality of Halton,-21,8,133,-55,-43,15,10/13/2020
256,Ontario,Regional Municipality of Halton,-16,4,107,-55,-44,17,10/14/2020
257,Ontario,Regional Municipality of Halton,-22,-2,-1,-58,-43,19,10/15/2020
258,Ontario,Regional Municipality of Halton,-18,3,97,-51,-40,16,10/16/2020
259,Ontario,Regional Municipality of Halton,-13,10,246,-23,-2,6,10/17/2020
260,Ontario,Regional Municipality of Halton,-18,0,82,-28,-8,6,10/18/2020
261,Ontario,Regional Municipality of Halton,-24,-1,12,-59,-43,18,10/19/2020
262,Ontario,Regional Municipality of Halton,-21,2,86,-55,-42,16,10/20/2020
263,Ontario,Regional Municipality of Halton,-19,0,53,-56,-44,18,10/21/2020
264,Ontario,Regional Municipality of Halton,-19,1,39,-55,-42,18,10/22/2020
265,Ontario,Regional Municipality of Halton,-18,-1,153,-50,-40,15,10/23/2020
266,Ontario,Regional Municipality of Halton,-14,7,139,-26,-2,7,10/24/2020
267,Ontario,Regional Municipality of Halton,-15,1,65,-25,-6,6,10/25/2020
268,Ontario,Regional Municipality of Halton,-22,2,42,-55,-42,17,10/26/2020
269,Ontario,Regional Municipality of Halton,-22,1,27,-56,-42,17,10/27/2020
270,Ontario,Regional Municipality of Halton,-15,4,74,-56,-43,17,10/28/2020
271,Ontario,Regional Municipality of Halton,-18,4,26,-56,-41,17,10/29/2020
272,Ontario,Regional Municipality of Halton,-18,4,16,-54,-40,16,10/30/2020
273,Ontario,Regional Municipality of Halton,-16,10,120,-24,-1,7,10/31/2020
274,Ontario,Regional Municipality of Halton,-21,-2,-13,-32,-10,7,11/1/2020
275,Ontario,Regional Municipality of Halton,-23,-1,18,-57,-42,17,11/2/2020
276,Ontario,Regional Municipality of Halton,-23,-4,32,-57,-42,17,11/3/2020
277,Ontario,Regional Municipality of Halton,-18,-6,91,-56,-42,17,11/4/2020
278,Ontario,Regional Municipality of Halton,-18,-1,74,-55,-40,17,11/5/2020
279,Ontario,Regional Municipality of Halton,-17,-2,108,-52,-38,16,11/6/2020
280,Ontario,Regional Municipality of Halton,-12,1,255,-26,-1,5,11/7/2020
281,Ontario,Regional Municipality of Halton,-11,1,209,-23,-4,4,11/8/2020
282,Ontario,Regional Municipality of Halton,-20,0,119,-56,-41,16,11/9/2020
283,Ontario,Regional Municipality of Halton,-18,2,145,-56,-41,16,11/10/2020
284,Ontario,Regional Municipality of Halton,-13,3,77,-57,-44,17,11/11/2020
285,Ontario,Regional Municipality of Halton,-18,3,56,-55,-41,17,11/12/2020
286,Ontario,Regional Municipality of Halton,-17,0,32,-52,-40,17,11/13/2020
287,Ontario,Regional Municipality of Halton,-16,8,117,-29,-2,8,11/14/2020
288,Ontario,Regional Municipality of Halton,-25,-10,-41,-38,-13,8,11/15/2020
289,Ontario,Regional Municipality of Halton,-26,-2,6,-60,-43,18,11/16/2020
290,Ontario,Regional Municipality of Halton,-26,-3,6,-59,-43,18,11/17/2020
291,Ontario,Regional Municipality of Halton,-22,-2,7,-58,-44,19,11/18/2020
292,Ontario,Regional Municipality of Halton,-21,2,38,-57,-41,18,11/19/2020
293,Ontario,Regional Municipality of Halton,-19,3,80,-50,-40,17,11/20/2020
294,Ontario,Regional Municipality of Halton,-18,10,62,-28,-4,8,11/21/2020
295,Ontario,Regional Municipality of Halton,-35,-14,-43,-37,-16,10,11/22/2020
296,Ontario,Regional Municipality of Halton,-23,2,-2,-58,-44,19,11/23/2020
297,Ontario,Regional Municipality of Halton,-21,2,3,-57,-43,18,11/24/2020
298,Ontario,Regional Municipality of Halton,-19,0,-11,-56,-44,20,11/25/2020
299,Ontario,Regional Municipality of Halton,-13,6,19,-53,-42,18,11/26/2020
300,Ontario,Regional Municipality of Halton,-14,6,24,-49,-45,18,11/27/2020
301,Ontario,Regional Municipality of Halton,-12,14,116,-19,-5,9,11/28/2020
302,Ontario,Regional Municipality of Halton,-12,6,97,-20,-10,7,11/29/2020
303,Ontario,Regional Municipality of Halton,-22,0,-32,-59,-45,19,11/30/2020
304,Ontario,Regional Municipality of Halton,-31,-8,-1,-59,-46,20,12/1/2020
305,Ontario,Regional Municipality of Halton,-18,3,8,-54,-44,19,12/2/2020
306,Ontario,Regional Municipality of Halton,-16,6,17,-54,-41,19,12/3/2020
307,Ontario,Regional Municipality of Halton,-20,2,1,-48,-40,19,12/4/2020
308,Ontario,Regional Municipality of Halton,-14,13,70,-15,-5,9,12/5/2020
309,Ontario,Regional Municipality of Halton,-15,6,41,-11,-12,8,12/6/2020
310,Ontario,Regional Municipality of Halton,-20,4,16,-55,-43,18,12/7/2020
311,Ontario,Regional Municipality of Halton,-21,3,25,-56,-42,18,12/8/2020
312,Ontario,Regional Municipality of Halton,-18,2,1,-54,-43,19,12/9/2020
313,Ontario,Regional Municipality of Halton,-15,8,39,-53,-42,18,12/10/2020
314,Ontario,Regional Municipality of Halton,-15,9,60,-47,-41,18,12/11/2020
315,Ontario,Regional Municipality of Halton,-19,8,0,-21,-8,11,12/12/2020
316,Ontario,Regional Municipality of Halton,-12,10,40,-16,-11,8,12/13/2020
317,Ontario,Regional Municipality of Halton,-17,9,15,-54,-44,18,12/14/2020
318,Ontario,Regional Municipality of Halton,-16,12,14,-53,-43,18,12/15/2020
319,Ontario,Regional Municipality of Halton,-15,6,-9,-56,-45,20,12/16/2020
320,Ontario,Regional Municipality of Halton,-11,13,5,-51,-43,19,12/17/2020
321,Ontario,Regional Municipality of Halton,-12,13,26,-47,-41,18,12/18/2020
322,Ontario,Regional Municipality of Halton,-12,20,49,-15,-7,10,12/19/2020
323,Ontario,Regional Municipality of Halton,-8,16,32,-8,-11,8,12/20/2020
324,Ontario,Regional Municipality of Halton,3,40,51,-50,-52,18,12/21/2020
325,Ontario,Regional Municipality of Halton,5,46,45,-50,-52,18,12/22/2020
326,Ontario,Regional Municipality of Halton,15,63,71,-47,-54,18,12/23/2020
327,Ontario,Regional Municipality of Halton,-14,46,3,-57,-68,24,12/24/2020
328,Ontario,Regional Municipality of Halton,-87,-79,25,-85,-89,32,12/25/2020
329,Ontario,Regional Municipality of Halton,-69,-48,52,-64,-47,16,12/26/2020
330,Ontario,Regional Municipality of Halton,-54,-21,63,-53,-29,11,12/27/2020
331,Ontario,Regional Municipality of Halton,-49,-8,43,-77,-77,29,12/28/2020
332,Ontario,Regional Municipality of Halton,-42,2,94,-71,-66,25,12/29/2020
333,Ontario,Regional Municipality of Halton,-40,8,-11,-72,-67,27,12/30/2020
334,Ontario,Regional Municipality of Halton,-35,26,86,-73,-70,26,12/31/2020
335,Ontario,Regional Municipality of Halton,-82,-76,56,-87,-89,35,1/1/2021
336,Ontario,Regional Municipality of Halton,-57,-16,77,-61,-31,15,1/2/2021
337,Ontario,Regional Municipality of Halton,-56,-20,28,-59,-27,12,1/3/2021
338,Ontario,Regional Municipality of Halton,-49,-8,14,-70,-53,23,1/4/2021
339,Ontario,Regional Municipality of Halton,-49,-9,7,-70,-53,23,1/5/2021
340,Ontario,Regional Municipality of Halton,-48,-12,15,-72,-54,24,1/6/2021
341,Ontario,Regional Municipality of Halton,-49,-10,31,-70,-53,24,1/7/2021
342,Ontario,Regional Municipality of Halton,-49,-13,10,-70,-51,24,1/8/2021
343,Ontario,Regional Municipality of Halton,-50,-6,135,-56,-18,13,1/9/2021
344,Ontario,Regional Municipality of Halton,-53,-12,56,-56,-24,11,1/10/2021
345,Ontario,Regional Municipality of Halton,-52,-14,3,-70,-52,23,1/11/2021
346,Ontario,Regional Municipality of Halton,-51,-12,-5,-71,-53,23,1/12/2021
347,Ontario,Regional Municipality of Halton,-48,-8,3,-71,-54,23,1/13/2021
348,Ontario,Regional Municipality of Halton,-58,-23,2,-74,-56,25,1/14/2021
349,Ontario,Regional Municipality of Halton,-57,-23,-20,-75,-55,26,1/15/2021
350,Ontario,Regional Municipality of Halton,-57,-13,111,-64,-24,15,1/16/2021
351,Ontario,Regional Municipality of Halton,-59,-23,37,-67,-29,12,1/17/2021
352,Ontario,Regional Municipality of Halton,-56,-21,6,-74,-56,24,1/18/2021
353,Ontario,Regional Municipality of Halton,-57,-20,1,-75,-57,24,1/19/2021
354,Ontario,Regional Municipality of Halton,-55,-22,-11,-74,-57,26,1/20/2021
355,Ontario,Regional Municipality of Halton,-53,-15,8,-72,-56,25,1/21/2021
356,Ontario,Regional Municipality of Halton,-54,-18,-12,-72,-54,25,1/22/2021
357,Ontario,Regional Municipality of Halton,-54,-9,70,-63,-22,14,1/23/2021
358,Ontario,Regional Municipality of Halton,-57,-18,42,-63,-26,12,1/24/2021
359,Ontario,Regional Municipality of Halton,-54,-15,32,-74,-55,23,1/25/2021
360,Ontario,Regional Municipality of Halton,-65,-38,-14,-76,-59,26,1/26/2021
361,Ontario,Regional Municipality of Halton,-51,-15,16,-73,-56,25,1/27/2021
362,Ontario,Regional Municipality of Halton,-52,-15,-8,-73,-55,25,1/28/2021
363,Ontario,Regional Municipality of Halton,-53,-17,-9,-72,-53,25,1/29/2021
364,Ontario,Regional Municipality of Halton,-51,-6,108,-62,-19,14,1/30/2021
365,Ontario,Regional Municipality of Halton,-56,-17,15,-65,-24,12,1/31/2021
366,Ontario,Regional Municipality of Halton,-54,-16,-6,-76,-55,24,2/1/2021
367,Ontario,Regional Municipality of Halton,-53,-17,10,-74,-55,24,2/2/2021
368,Ontario,Regional Municipality of Halton,-51,-17,36,-75,-55,24,2/3/2021
369,Ontario,Regional Municipality of Halton,-50,-13,48,-73,-54,24,2/4/2021
370,Ontario,Regional Municipality of Halton,-54,-21,-20,-72,-54,25,2/5/2021
371,Ontario,Regional Municipality of Halton,-53,-7,37,-66,-17,14,2/6/2021
372,Ontario,Regional Municipality of Peel,-21,-2,39,-58,-39,14,10/6/2020
373,Ontario,Regional Municipality of Peel,-22,-5,14,-61,-40,15,10/7/2020
374,Ontario,Regional Municipality of Peel,-19,2,24,-57,-39,14,10/8/2020
375,Ontario,Regional Municipality of Peel,-18,3,46,-55,-39,13,10/9/2020
376,Ontario,Regional Municipality of Peel,-24,-1,70,-53,-5,5,10/10/2020
377,Ontario,Regional Municipality of Peel,-22,0,51,-60,-11,3,10/11/2020
378,Ontario,Regional Municipality of Peel,-57,-47,65,-74,-82,27,10/12/2020
379,Ontario,Regional Municipality of Peel,-24,1,46,-57,-40,14,10/13/2020
380,Ontario,Regional Municipality of Peel,-25,-5,35,-59,-40,15,10/14/2020
381,Ontario,Regional Municipality of Peel,-27,-8,-20,-60,-40,16,10/15/2020
382,Ontario,Regional Municipality of Peel,-24,-6,28,-57,-38,15,10/16/2020
383,Ontario,Regional Municipality of Peel,-23,-4,75,-53,-2,6,10/17/2020
384,Ontario,Regional Municipality of Peel,-26,-9,27,-59,-9,6,10/18/2020
385,Ontario,Regional Municipality of Peel,-28,-12,-12,-61,-42,16,10/19/2020
386,Ontario,Regional Municipality of Peel,-25,-3,15,-59,-39,15,10/20/2020
387,Ontario,Regional Municipality of Peel,-26,-6,11,-61,-40,16,10/21/2020
388,Ontario,Regional Municipality of Peel,-25,-3,4,-58,-39,16,10/22/2020
389,Ontario,Regional Municipality of Peel,-26,-9,60,-56,-38,15,10/23/2020
390,Ontario,Regional Municipality of Peel,-24,-4,30,-54,-3,7,10/24/2020
391,Ontario,Regional Municipality of Peel,-24,-8,20,-58,-9,5,10/25/2020
392,Ontario,Regional Municipality of Peel,-27,-10,2,-60,-41,16,10/26/2020
393,Ontario,Regional Municipality of Peel,-29,-9,-16,-60,-39,15,10/27/2020
394,Ontario,Regional Municipality of Peel,-24,-4,21,-58,-39,15,10/28/2020
395,Ontario,Regional Municipality of Peel,-24,-3,-10,-59,-39,15,10/29/2020
396,Ontario,Regional Municipality of Peel,-25,-7,-11,-57,-38,15,10/30/2020
397,Ontario,Regional Municipality of Peel,-22,-2,23,-52,-2,6,10/31/2020
398,Ontario,Regional Municipality of Peel,-27,-9,-26,-59,-11,6,11/1/2020
399,Ontario,Regional Municipality of Peel,-28,-11,-21,-60,-41,16,11/2/2020
400,Ontario,Regional Municipality of Peel,-27,-6,-13,-60,-39,16,11/3/2020
401,Ontario,Regional Municipality of Peel,-26,-8,31,-59,-39,15,11/4/2020
402,Ontario,Regional Municipality of Peel,-25,-6,18,-58,-38,15,11/5/2020
403,Ontario,Regional Municipality of Peel,-25,-9,39,-57,-38,15,11/6/2020
404,Ontario,Regional Municipality of Peel,-20,-5,86,-51,-1,5,11/7/2020
405,Ontario,Regional Municipality of Peel,-19,-8,97,-56,-6,4,11/8/2020
406,Ontario,Regional Municipality of Peel,-26,-11,33,-60,-40,15,11/9/2020
407,Ontario,Regional Municipality of Peel,-24,-4,46,-58,-38,15,11/10/2020
408,Ontario,Regional Municipality of Peel,-23,-3,16,-61,-41,16,11/11/2020
409,Ontario,Regional Municipality of Peel,-23,-1,8,-60,-39,16,11/12/2020
410,Ontario,Regional Municipality of Peel,-23,-5,-9,-60,-40,17,11/13/2020
411,Ontario,Regional Municipality of Peel,-23,-1,22,-54,-7,8,11/14/2020
412,Ontario,Regional Municipality of Peel,-34,-21,-40,-65,-14,8,11/15/2020
413,Ontario,Regional Municipality of Peel,-29,-13,-20,-63,-43,17,11/16/2020
414,Ontario,Regional Municipality of Peel,-30,-11,-25,-62,-40,17,11/17/2020
415,Ontario,Regional Municipality of Peel,-28,-11,-22,-64,-40,17,11/18/2020
416,Ontario,Regional Municipality of Peel,-24,-5,-8,-61,-40,16,11/19/2020
417,Ontario,Regional Municipality of Peel,-23,-5,22,-59,-39,16,11/20/2020
418,Ontario,Regional Municipality of Peel,-20,0,0,-55,-2,7,11/21/2020
419,Ontario,Regional Municipality of Peel,-35,-26,-39,-64,-13,8,11/22/2020
420,Ontario,Regional Municipality of Peel,-40,-21,-29,-66,-44,19,11/23/2020
421,Ontario,Regional Municipality of Peel,-38,-15,-28,-65,-42,18,11/24/2020
422,Ontario,Regional Municipality of Peel,-37,-18,-32,-66,-42,18,11/25/2020
423,Ontario,Regional Municipality of Peel,-32,-8,-13,-64,-42,17,11/26/2020
424,Ontario,Regional Municipality of Peel,-33,-14,-12,-62,-41,18,11/27/2020
425,Ontario,Regional Municipality of Peel,-35,-13,13,-58,-8,9,11/28/2020
426,Ontario,Regional Municipality of Peel,-36,-17,28,-63,-15,7,11/29/2020
427,Ontario,Regional Municipality of Peel,-36,-19,-42,-66,-44,18,11/30/2020
428,Ontario,Regional Municipality of Peel,-43,-24,-37,-65,-45,20,12/1/2020
429,Ontario,Regional Municipality of Peel,-34,-11,-20,-64,-42,18,12/2/2020
430,Ontario,Regional Municipality of Peel,-33,-7,-21,-63,-41,18,12/3/2020
431,Ontario,Regional Municipality of Peel,-36,-17,-28,-63,-41,19,12/4/2020
432,Ontario,Regional Municipality of Peel,-35,-12,-15,-58,-8,10,12/5/2020
433,Ontario,Regional Municipality of Peel,-38,-17,-5,-64,-16,8,12/6/2020
434,Ontario,Regional Municipality of Peel,-36,-17,-24,-65,-44,18,12/7/2020
435,Ontario,Regional Municipality of Peel,-35,-12,-22,-64,-41,17,12/8/2020
436,Ontario,Regional Municipality of Peel,-37,-14,-29,-65,-42,18,12/9/2020
437,Ontario,Regional Municipality of Peel,-34,-8,-15,-64,-41,17,12/10/2020
438,Ontario,Regional Municipality of Peel,-34,-13,-3,-63,-41,18,12/11/2020
439,Ontario,Regional Municipality of Peel,-39,-16,-33,-61,-9,11,12/12/2020
440,Ontario,Regional Municipality of Peel,-37,-14,-11,-64,-16,8,12/13/2020
441,Ontario,Regional Municipality of Peel,-36,-15,-28,-66,-44,18,12/14/2020
442,Ontario,Regional Municipality of Peel,-34,-8,-26,-64,-42,17,12/15/2020
443,Ontario,Regional Municipality of Peel,-36,-14,-38,-67,-43,19,12/16/2020
444,Ontario,Regional Municipality of Peel,-32,-4,-29,-63,-42,18,12/17/2020
445,Ontario,Regional Municipality of Peel,-32,-9,-15,-62,-41,18,12/18/2020
446,Ontario,Regional Municipality of Peel,-36,-10,-19,-56,-10,10,12/19/2020
447,Ontario,Regional Municipality of Peel,-35,-12,-10,-61,-15,7,12/20/2020
448,Ontario,Regional Municipality of Peel,-25,3,-9,-64,-49,18,12/21/2020
449,Ontario,Regional Municipality of Peel,-22,16,-15,-63,-48,17,12/22/2020
450,Ontario,Regional Municipality of Peel,-15,31,0,-63,-49,17,12/23/2020
451,Ontario,Regional Municipality of Peel,-22,35,-18,-68,-64,23,12/24/2020
452,Ontario,Regional Municipality of Peel,-80,-73,-19,-84,-88,35,12/25/2020
453,Ontario,Regional Municipality of Peel,-59,-44,-18,-69,-44,16,12/26/2020
454,Ontario,Regional Municipality of Peel,-47,-28,3,-66,-26,10,12/27/2020
455,Ontario,Regional Municipality of Peel,-40,-12,-18,-74,-73,28,12/28/2020
456,Ontario,Regional Municipality of Peel,-34,-1,-4,-68,-58,23,12/29/2020
457,Ontario,Regional Municipality of Peel,-32,3,-33,-70,-59,24,12/30/2020
458,Ontario,Regional Municipality of Peel,-22,26,5,-70,-65,24,12/31/2020
459,Ontario,Regional Municipality of Peel,-74,-69,-21,-83,-87,36,1/1/2021
460,Ontario,Regional Municipality of Peel,-48,-22,1,-62,-30,15,1/2/2021
461,Ontario,Regional Municipality of Peel,-49,-28,-13,-64,-24,11,1/3/2021
462,Ontario,Regional Municipality of Peel,-42,-17,-22,-66,-49,21,1/4/2021
463,Ontario,Regional Municipality of Peel,-42,-15,-27,-66,-47,21,1/5/2021
464,Ontario,Regional Municipality of Peel,-43,-17,-24,-68,-47,21,1/6/2021
465,Ontario,Regional Municipality of Peel,-42,-12,-18,-68,-47,21,1/7/2021
466,Ontario,Regional Municipality of Peel,-43,-20,-25,-68,-46,22,1/8/2021
467,Ontario,Regional Municipality of Peel,-42,-14,17,-63,-15,12,1/9/2021
468,Ontario,Regional Municipality of Peel,-45,-20,0,-66,-21,10,1/10/2021
469,Ontario,Regional Municipality of Peel,-45,-21,-28,-70,-48,21,1/11/2021
470,Ontario,Regional Municipality of Peel,-44,-15,-33,-69,-47,20,1/12/2021
471,Ontario,Regional Municipality of Peel,-42,-10,-26,-71,-48,20,1/13/2021
472,Ontario,Regional Municipality of Peel,-52,-26,-33,-71,-51,22,1/14/2021
473,Ontario,Regional Municipality of Peel,-52,-31,-38,-72,-50,24,1/15/2021
474,Ontario,Regional Municipality of Peel,-50,-23,8,-67,-21,14,1/16/2021
475,Ontario,Regional Municipality of Peel,-52,-29,-13,-71,-26,11,1/17/2021
476,Ontario,Regional Municipality of Peel,-49,-28,-26,-72,-52,22,1/18/2021
477,Ontario,Regional Municipality of Peel,-50,-25,-37,-72,-50,21,1/19/2021
478,Ontario,Regional Municipality of Peel,-49,-26,-39,-73,-50,22,1/20/2021
479,Ontario,Regional Municipality of Peel,-46,-20,-28,-71,-50,22,1/21/2021
480,Ontario,Regional Municipality of Peel,-47,-24,-34,-71,-49,23,1/22/2021
481,Ontario,Regional Municipality of Peel,-46,-20,-15,-68,-19,13,1/23/2021
482,Ontario,Regional Municipality of Peel,-50,-26,-16,-72,-25,11,1/24/2021
483,Ontario,Regional Municipality of Peel,-47,-24,-17,-72,-51,21,1/25/2021
484,Ontario,Regional Municipality of Peel,-60,-44,-49,-73,-53,23,1/26/2021
485,Ontario,Regional Municipality of Peel,-46,-21,-27,-73,-50,22,1/27/2021
486,Ontario,Regional Municipality of Peel,-46,-21,-40,-72,-50,22,1/28/2021
487,Ontario,Regional Municipality of Peel,-46,-25,-38,-72,-48,23,1/29/2021
488,Ontario,Regional Municipality of Peel,-44,-16,7,-69,-17,13,1/30/2021
489,Ontario,Regional Municipality of Peel,-47,-24,-22,-73,-23,10,1/31/2021
490,Ontario,Regional Municipality of Peel,-47,-25,-35,-73,-50,21,2/1/2021
491,Ontario,Regional Municipality of Peel,-47,-22,-36,-72,-49,21,2/2/2021
492,Ontario,Regional Municipality of Peel,-45,-21,-19,-73,-49,21,2/3/2021
493,Ontario,Regional Municipality of Peel,-43,-16,-8,-72,-48,21,2/4/2021
494,Ontario,Regional Municipality of Peel,-48,-28,-43,-73,-49,23,2/5/2021
495,Ontario,Regional Municipality of Peel,-45,-19,-26,-71,-17,13,2/6/2021
496,Ontario,Regional Municipality of York,-21,5,115,-54,-45,17,10/6/2020
497,Ontario,Regional Municipality of York,-20,2,59,-57,-45,18,10/7/2020
498,Ontario,Regional Municipality of York,-19,9,85,-54,-43,17,10/8/2020
499,Ontario,Regional Municipality of York,-19,13,122,-50,-42,15,10/9/2020
500,Ontario,Regional Municipality of York,-23,9,213,-33,-5,6,10/10/2020
501,Ontario,Regional Municipality of York,-23,6,204,-40,-7,4,10/11/2020
502,Ontario,Regional Municipality of York,-45,-35,201,-73,-83,26,10/12/2020
503,Ontario,Regional Municipality of York,-21,8,140,-55,-45,17,10/13/2020
504,Ontario,Regional Municipality of York,-18,5,128,-55,-44,18,10/14/2020
505,Ontario,Regional Municipality of York,-23,-1,13,-59,-44,19,10/15/2020
506,Ontario,Regional Municipality of York,-19,4,97,-52,-40,17,10/16/2020
507,Ontario,Regional Municipality of York,-17,8,253,-33,-1,6,10/17/2020
508,Ontario,Regional Municipality of York,-20,-1,104,-47,-5,7,10/18/2020
509,Ontario,Regional Municipality of York,-27,-4,47,-58,-45,18,10/19/2020
510,Ontario,Regional Municipality of York,-26,3,91,-57,-45,18,10/20/2020
511,Ontario,Regional Municipality of York,-26,0,72,-59,-45,19,10/21/2020
512,Ontario,Regional Municipality of York,-26,2,59,-57,-43,19,10/22/2020
513,Ontario,Regional Municipality of York,-27,0,160,-51,-41,17,10/23/2020
514,Ontario,Regional Municipality of York,-27,5,142,-38,-5,8,10/24/2020
515,Ontario,Regional Municipality of York,-29,-1,127,-45,-8,7,10/25/2020
516,Ontario,Regional Municipality of York,-26,-2,62,-58,-44,18,10/26/2020
517,Ontario,Regional Municipality of York,-30,-2,15,-58,-44,19,10/27/2020
518,Ontario,Regional Municipality of York,-23,4,92,-56,-44,18,10/28/2020
519,Ontario,Regional Municipality of York,-25,4,34,-58,-43,19,10/29/2020
520,Ontario,Regional Municipality of York,-27,3,22,-55,-41,18,10/30/2020
521,Ontario,Regional Municipality of York,-26,9,138,-33,-5,7,10/31/2020
522,Ontario,Regional Municipality of York,-32,-3,-2,-52,-12,9,11/1/2020
523,Ontario,Regional Municipality of York,-28,-6,13,-60,-44,19,11/2/2020
524,Ontario,Regional Municipality of York,-29,0,31,-59,-45,19,11/3/2020
525,Ontario,Regional Municipality of York,-25,0,107,-56,-44,18,11/4/2020
526,Ontario,Regional Municipality of York,-26,1,88,-57,-42,18,11/5/2020
527,Ontario,Regional Municipality of York,-27,0,114,-55,-40,18,11/6/2020
528,Ontario,Regional Municipality of York,-20,3,265,-35,-2,6,11/7/2020
529,Ontario,Regional Municipality of York,-21,0,268,-41,-5,5,11/8/2020
530,Ontario,Regional Municipality of York,-21,-2,140,-56,-43,17,11/9/2020
531,Ontario,Regional Municipality of York,-22,2,143,-56,-43,17,11/10/2020
532,Ontario,Regional Municipality of York,-17,4,88,-58,-45,18,11/11/2020
533,Ontario,Regional Municipality of York,-22,4,70,-58,-42,18,11/12/2020
534,Ontario,Regional Municipality of York,-23,0,38,-57,-43,19,11/13/2020
535,Ontario,Regional Municipality of York,-22,4,140,-41,-3,8,11/14/2020
536,Ontario,Regional Municipality of York,-33,-13,-20,-57,-12,10,11/15/2020
537,Ontario,Regional Municipality of York,-25,-5,18,-62,-44,19,11/16/2020
538,Ontario,Regional Municipality of York,-28,-4,13,-62,-44,20,11/17/2020
539,Ontario,Regional Municipality of York,-26,-3,10,-61,-45,20,11/18/2020
540,Ontario,Regional Municipality of York,-23,2,49,-60,-42,19,11/19/2020
541,Ontario,Regional Municipality of York,-22,2,89,-56,-41,18,11/20/2020
542,Ontario,Regional Municipality of York,-22,7,66,-42,-4,9,11/21/2020
543,Ontario,Regional Municipality of York,-39,-21,2,-57,-16,11,11/22/2020
544,Ontario,Regional Municipality of York,-24,-5,21,-62,-46,20,11/23/2020
545,Ontario,Regional Municipality of York,-24,-1,7,-63,-45,20,11/24/2020
546,Ontario,Regional Municipality of York,-22,-2,1,-62,-45,21,11/25/2020
547,Ontario,Regional Municipality of York,-19,6,26,-60,-43,20,11/26/2020
548,Ontario,Regional Municipality of York,-20,3,24,-58,-42,19,11/27/2020
549,Ontario,Regional Municipality of York,-20,9,116,-40,-5,9,11/28/2020
550,Ontario,Regional Municipality of York,-22,1,134,-47,-11,8,11/29/2020
551,Ontario,Regional Municipality of York,-22,-4,-12,-63,-45,20,11/30/2020
552,Ontario,Regional Municipality of York,-34,-12,1,-64,-48,22,12/1/2020
553,Ontario,Regional Municipality of York,-20,4,20,-60,-45,20,12/2/2020
554,Ontario,Regional Municipality of York,-21,7,25,-60,-43,20,12/3/2020
555,Ontario,Regional Municipality of York,-25,-2,0,-60,-42,21,12/4/2020
556,Ontario,Regional Municipality of York,-21,8,50,-42,-7,10,12/5/2020
557,Ontario,Regional Municipality of York,-23,2,59,-52,-13,9,12/6/2020
558,Ontario,Regional Municipality of York,-20,-2,19,-61,-45,19,12/7/2020
559,Ontario,Regional Municipality of York,-23,2,18,-61,-44,20,12/8/2020
560,Ontario,Regional Municipality of York,-25,-5,10,-60,-46,21,12/9/2020
561,Ontario,Regional Municipality of York,-19,7,19,-59,-43,20,12/10/2020
562,Ontario,Regional Municipality of York,-19,10,27,-57,-41,19,12/11/2020
563,Ontario,Regional Municipality of York,-19,10,5,-42,-7,11,12/12/2020
564,Ontario,Regional Municipality of York,-16,9,39,-47,-9,9,12/13/2020
565,Ontario,Regional Municipality of York,-36,-5,17,-64,-46,20,12/14/2020
566,Ontario,Regional Municipality of York,-36,-2,8,-63,-47,21,12/15/2020
567,Ontario,Regional Municipality of York,-36,-5,-15,-65,-47,22,12/16/2020
568,Ontario,Regional Municipality of York,-33,6,9,-63,-45,21,12/17/2020
569,Ontario,Regional Municipality of York,-35,1,9,-61,-44,21,12/18/2020
570,Ontario,Regional Municipality of York,-42,-3,41,-49,-15,12,12/19/2020
571,Ontario,Regional Municipality of York,-42,-6,32,-57,-19,11,12/20/2020
572,Ontario,Regional Municipality of York,-24,14,36,-64,-53,20,12/21/2020
573,Ontario,Regional Municipality of York,-24,26,25,-64,-54,21,12/22/2020
574,Ontario,Regional Municipality of York,-15,45,36,-62,-55,21,12/23/2020
575,Ontario,Regional Municipality of York,-30,36,-1,-70,-68,26,12/24/2020
576,Ontario,Regional Municipality of York,-83,-76,49,-83,-89,35,12/25/2020
577,Ontario,Regional Municipality of York,-64,-42,84,-66,-48,17,12/26/2020
578,Ontario,Regional Municipality of York,-51,-21,85,-63,-27,12,12/27/2020
579,Ontario,Regional Municipality of York,-41,-3,35,-77,-76,29,12/28/2020
580,Ontario,Regional Municipality of York,-37,6,48,-71,-65,26,12/29/2020
581,Ontario,Regional Municipality of York,-35,15,0,-72,-65,27,12/30/2020
582,Ontario,Regional Municipality of York,-32,26,35,-73,-69,27,12/31/2020
583,Ontario,Regional Municipality of York,-77,-70,44,-86,-88,37,1/1/2021
584,Ontario,Regional Municipality of York,-55,-20,102,-62,-35,16,1/2/2021
585,Ontario,Regional Municipality of York,-55,-23,62,-66,-28,13,1/3/2021
586,Ontario,Regional Municipality of York,-44,-11,17,-69,-53,23,1/4/2021
587,Ontario,Regional Municipality of York,-45,-11,11,-67,-53,24,1/5/2021
588,Ontario,Regional Municipality of York,-45,-13,8,-68,-53,25,1/6/2021
589,Ontario,Regional Municipality of York,-45,-9,25,-67,-52,25,1/7/2021
590,Ontario,Regional Municipality of York,-48,-16,9,-67,-50,25,1/8/2021
591,Ontario,Regional Municipality of York,-48,-9,114,-55,-18,14,1/9/2021
592,Ontario,Regional Municipality of York,-52,-19,71,-64,-23,12,1/10/2021
593,Ontario,Regional Municipality of York,-47,-19,12,-69,-52,24,1/11/2021
594,Ontario,Regional Municipality of York,-47,-12,0,-69,-53,24,1/12/2021
595,Ontario,Regional Municipality of York,-44,-8,8,-68,-53,24,1/13/2021
596,Ontario,Regional Municipality of York,-55,-24,7,-70,-55,26,1/14/2021
597,Ontario,Regional Municipality of York,-54,-26,-14,-71,-54,27,1/15/2021
598,Ontario,Regional Municipality of York,-55,-18,105,-62,-24,15,1/16/2021
599,Ontario,Regional Municipality of York,-57,-27,45,-69,-29,14,1/17/2021
600,Ontario,Regional Municipality of York,-52,-24,13,-71,-56,24,1/18/2021
601,Ontario,Regional Municipality of York,-52,-21,-3,-71,-56,25,1/19/2021
602,Ontario,Regional Municipality of York,-51,-23,-12,-71,-56,26,1/20/2021
603,Ontario,Regional Municipality of York,-50,-17,2,-70,-54,26,1/21/2021
604,Ontario,Regional Municipality of York,-52,-21,-16,-70,-53,26,1/22/2021
605,Ontario,Regional Municipality of York,-52,-15,50,-60,-22,15,1/23/2021
606,Ontario,Regional Municipality of York,-56,-22,44,-67,-27,13,1/24/2021
607,Ontario,Regional Municipality of York,-49,-19,29,-70,-55,24,1/25/2021
608,Ontario,Regional Municipality of York,-60,-37,-18,-72,-58,27,1/26/2021
609,Ontario,Regional Municipality of York,-48,-16,9,-70,-55,25,1/27/2021
610,Ontario,Regional Municipality of York,-49,-18,-17,-71,-54,26,1/28/2021
611,Ontario,Regional Municipality of York,-51,-21,-21,-70,-52,26,1/29/2021
612,Ontario,Regional Municipality of York,-49,-12,102,-61,-20,14,1/30/2021
613,Ontario,Regional Municipality of York,-53,-20,50,-68,-26,13,1/31/2021
614,Ontario,Regional Municipality of York,-46,-18,17,-71,-55,24,2/1/2021
615,Ontario,Regional Municipality of York,-49,-17,-2,-71,-55,25,2/2/2021
616,Ontario,Regional Municipality of York,-47,-17,13,-72,-55,25,2/3/2021
617,Ontario,Regional Municipality of York,-47,-12,45,-70,-54,25,2/4/2021
618,Ontario,Regional Municipality of York,-51,-23,-24,-71,-52,26,2/5/2021
619,Ontario,Regional Municipality of York,-50,-11,28,-63,-20,15,2/6/2021
620,Ontario,Toronto Division,-33,-6,39,-53,-47,15,10/6/2020
621,Ontario,Toronto Division,-34,-9,12,-55,-47,17,10/7/2020
622,Ontario,Toronto Division,-33,-3,14,-53,-46,17,10/8/2020
623,Ontario,Toronto Division,-31,1,40,-50,-45,15,10/9/2020
624,Ontario,Toronto Division,-35,-4,68,-39,-9,5,10/10/2020
625,Ontario,Toronto Division,-34,-5,48,-40,-12,3,10/11/2020
626,Ontario,Toronto Division,-66,-54,52,-75,-82,24,10/12/2020
627,Ontario,Toronto Division,-36,-2,51,-53,-49,16,10/13/2020
628,Ontario,Toronto Division,-36,-8,36,-54,-47,17,10/14/2020
629,Ontario,Toronto Division,-41,-13,-30,-56,-48,20,10/15/2020
630,Ontario,Toronto Division,-36,-5,32,-51,-45,17,10/16/2020
631,Ontario,Toronto Division,-31,-5,91,-37,-8,6,10/17/2020
632,Ontario,Toronto Division,-35,-12,39,-42,-15,7,10/18/2020
633,Ontario,Toronto Division,-40,-13,-18,-57,-49,18,10/19/2020
634,Ontario,Toronto Division,-36,-7,25,-54,-48,17,10/20/2020
635,Ontario,Toronto Division,-38,-12,12,-55,-48,19,10/21/2020
636,Ontario,Toronto Division,-38,-7,5,-54,-46,19,10/22/2020
637,Ontario,Toronto Division,-35,-8,69,-50,-45,16,10/23/2020
638,Ontario,Toronto Division,-33,-5,49,-38,-9,7,10/24/2020
639,Ontario,Toronto Division,-34,-11,30,-41,-15,6,10/25/2020
640,Ontario,Toronto Division,-39,-11,0,-56,-48,17,10/26/2020
641,Ontario,Toronto Division,-41,-14,-18,-56,-48,18,10/27/2020
642,Ontario,Toronto Division,-34,-6,25,-54,-46,17,10/28/2020
643,Ontario,Toronto Division,-37,-7,-8,-55,-46,18,10/29/2020
644,Ontario,Toronto Division,-37,-6,-10,-53,-45,17,10/30/2020
645,Ontario,Toronto Division,-31,-2,47,-36,-8,6,10/31/2020
646,Ontario,Toronto Division,-38,-12,-23,-45,-17,7,11/1/2020
647,Ontario,Toronto Division,-39,-13,-23,-57,-48,18,11/2/2020
648,Ontario,Toronto Division,-39,-10,-8,-55,-47,17,11/3/2020
649,Ontario,Toronto Division,-36,-11,34,-54,-47,18,11/4/2020
650,Ontario,Toronto Division,-36,-8,25,-54,-45,18,11/5/2020
651,Ontario,Toronto Division,-35,-8,46,-51,-44,17,11/6/2020
652,Ontario,Toronto Division,-29,-6,112,-33,-7,6,11/7/2020
653,Ontario,Toronto Division,-28,-8,115,-36,-11,4,11/8/2020
654,Ontario,Toronto Division,-36,-10,45,-55,-47,17,11/9/2020
655,Ontario,Toronto Division,-34,-7,63,-53,-46,16,11/10/2020
656,Ontario,Toronto Division,-35,-9,25,-56,-48,18,11/11/2020
657,Ontario,Toronto Division,-37,-6,11,-55,-45,18,11/12/2020
658,Ontario,Toronto Division,-38,-8,-4,-53,-45,18,11/13/2020
659,Ontario,Toronto Division,-33,-5,43,-41,-10,8,11/14/2020
660,Ontario,Toronto Division,-44,-22,-40,-51,-19,9,11/15/2020
661,Ontario,Toronto Division,-40,-14,-23,-59,-48,18,11/16/2020
662,Ontario,Toronto Division,-41,-13,-22,-58,-48,18,11/17/2020
663,Ontario,Toronto Division,-41,-15,-23,-59,-48,19,11/18/2020
664,Ontario,Toronto Division,-37,-8,3,-57,-46,19,11/19/2020
665,Ontario,Toronto Division,-34,-5,33,-54,-47,18,11/20/2020
666,Ontario,Toronto Division,-30,-2,11,-41,-8,8,11/21/2020
667,Ontario,Toronto Division,-42,-23,-34,-49,-17,9,11/22/2020
668,Ontario,Toronto Division,-51,-21,-28,-62,-50,20,11/23/2020
669,Ontario,Toronto Division,-49,-18,-25,-62,-50,20,11/24/2020
670,Ontario,Toronto Division,-49,-21,-30,-62,-49,21,11/25/2020
671,Ontario,Toronto Division,-44,-10,-9,-60,-48,20,11/26/2020
672,Ontario,Toronto Division,-45,-14,-8,-59,-47,20,11/27/2020
673,Ontario,Toronto Division,-43,-11,34,-49,-14,10,11/28/2020
674,Ontario,Toronto Division,-43,-15,42,-50,-19,8,11/29/2020
675,Ontario,Toronto Division,-48,-24,-49,-63,-50,20,11/30/2020
676,Ontario,Toronto Division,-51,-20,-28,-61,-51,21,12/1/2020
677,Ontario,Toronto Division,-46,-13,-16,-60,-49,20,12/2/2020
678,Ontario,Toronto Division,-45,-10,-13,-59,-48,20,12/3/2020
679,Ontario,Toronto Division,-49,-18,-30,-60,-48,21,12/4/2020
680,Ontario,Toronto Division,-45,-10,4,-49,-15,10,12/5/2020
681,Ontario,Toronto Division,-47,-16,9,-52,-21,8,12/6/2020
682,Ontario,Toronto Division,-48,-17,-23,-62,-49,19,12/7/2020
683,Ontario,Toronto Division,-47,-15,-14,-61,-49,19,12/8/2020
684,Ontario,Toronto Division,-50,-21,-29,-62,-50,21,12/9/2020
685,Ontario,Toronto Division,-46,-10,-13,-60,-48,20,12/10/2020
686,Ontario,Toronto Division,-45,-11,4,-58,-47,20,12/11/2020
687,Ontario,Toronto Division,-50,-18,-33,-55,-18,12,12/12/2020
688,Ontario,Toronto Division,-46,-14,2,-52,-20,8,12/13/2020
689,Ontario,Toronto Division,-47,-14,-23,-62,-50,19,12/14/2020
690,Ontario,Toronto Division,-46,-12,-22,-61,-50,19,12/15/2020
691,Ontario,Toronto Division,-49,-20,-42,-64,-50,21,12/16/2020
692,Ontario,Toronto Division,-45,-8,-21,-60,-49,21,12/17/2020
693,Ontario,Toronto Division,-45,-10,-12,-59,-48,20,12/18/2020
694,Ontario,Toronto Division,-46,-10,-6,-51,-16,11,12/19/2020
695,Ontario,Toronto Division,-45,-14,-5,-52,-20,9,12/20/2020
696,Ontario,Toronto Division,-39,-1,-4,-62,-54,19,12/21/2020
697,Ontario,Toronto Division,-37,7,-6,-61,-55,18,12/22/2020
698,Ontario,Toronto Division,-32,19,1,-60,-55,18,12/23/2020
699,Ontario,Toronto Division,-40,16,-30,-67,-67,23,12/24/2020
700,Ontario,Toronto Division,-84,-74,-2,-84,-86,32,12/25/2020
701,Ontario,Toronto Division,-68,-44,-1,-67,-43,15,12/26/2020
702,Ontario,Toronto Division,-56,-29,12,-60,-27,10,12/27/2020
703,Ontario,Toronto Division,-52,-16,-15,-75,-74,27,12/28/2020
704,Ontario,Toronto Division,-47,-8,5,-68,-64,23,12/29/2020
705,Ontario,Toronto Division,-47,-6,-33,-69,-64,25,12/30/2020
706,Ontario,Toronto Division,-41,11,5,-68,-67,25,12/31/2020
707,Ontario,Toronto Division,-80,-71,-4,-84,-86,34,1/1/2021
708,Ontario,Toronto Division,-58,-23,14,-62,-32,15,1/2/2021
709,Ontario,Toronto Division,-58,-27,-9,-61,-27,12,1/3/2021
710,Ontario,Toronto Division,-53,-18,-22,-66,-55,22,1/4/2021
711,Ontario,Toronto Division,-53,-17,-21,-66,-55,22,1/5/2021
712,Ontario,Toronto Division,-54,-21,-23,-67,-55,23,1/6/2021
713,Ontario,Toronto Division,-53,-15,-12,-66,-54,24,1/7/2021
714,Ontario,Toronto Division,-55,-20,-19,-66,-53,24,1/8/2021
715,Ontario,Toronto Division,-51,-14,28,-57,-20,13,1/9/2021
716,Ontario,Toronto Division,-54,-21,6,-60,-25,11,1/10/2021
717,Ontario,Toronto Division,-55,-22,-25,-68,-55,22,1/11/2021
718,Ontario,Toronto Division,-55,-20,-27,-68,-55,22,1/12/2021
719,Ontario,Toronto Division,-53,-18,-23,-68,-55,22,1/13/2021
720,Ontario,Toronto Division,-61,-27,-25,-70,-57,25,1/14/2021
721,Ontario,Toronto Division,-60,-29,-32,-70,-57,25,1/15/2021
722,Ontario,Toronto Division,-57,-21,22,-63,-26,14,1/16/2021
723,Ontario,Toronto Division,-59,-28,0,-64,-30,12,1/17/2021
724,Ontario,Toronto Division,-59,-28,-22,-70,-58,23,1/18/2021
725,Ontario,Toronto Division,-59,-27,-27,-70,-58,23,1/19/2021
726,Ontario,Toronto Division,-59,-30,-34,-71,-58,25,1/20/2021
727,Ontario,Toronto Division,-57,-22,-21,-70,-56,24,1/21/2021
728,Ontario,Toronto Division,-58,-25,-33,-69,-56,25,1/22/2021
729,Ontario,Toronto Division,-55,-19,-2,-62,-25,14,1/23/2021
730,Ontario,Toronto Division,-58,-26,-6,-64,-29,11,1/24/2021
731,Ontario,Toronto Division,-57,-24,-12,-70,-57,23,1/25/2021
732,Ontario,Toronto Division,-66,-41,-37,-71,-59,25,1/26/2021
733,Ontario,Toronto Division,-57,-24,-22,-69,-57,24,1/27/2021
734,Ontario,Toronto Division,-58,-25,-38,-70,-56,25,1/28/2021
735,Ontario,Toronto Division,-57,-24,-38,-69,-56,25,1/29/2021
736,Ontario,Toronto Division,-53,-15,20,-61,-23,13,1/30/2021
737,Ontario,Toronto Division,-57,-25,-17,-64,-28,11,1/31/2021
738,Ontario,Toronto Division,-57,-25,-32,-70,-57,23,2/1/2021
739,Ontario,Toronto Division,-57,-24,-29,-70,-57,23,2/2/2021
740,Ontario,Toronto Division,-56,-24,-17,-70,-56,23,2/3/2021
741,Ontario,Toronto Division,-54,-17,-2,-69,-55,23,2/4/2021
742,Ontario,Toronto Division,-58,-27,-42,-70,-55,25,2/5/2021
743,Ontario,Toronto Division,-55,-19,-22,-63,-23,14,2/6/2021
